user_id,conversion_time,revenue
U00001,2024-05-03 12:32:00,331.06
U00003,2024-05-02 14:19:00,225.65
U00004,2024-05-06 11:19:00,347.22
U00005,2024-05-06 15:52:00,386.01
U00006,2024-05-02 13:17:00,474.54
U00007,2024-05-01 23:56:00,311.17
U00008,2024-05-03 20:07:00,302.39
U00009,2024-05-01 21:21:00,367.21
U00010,2024-05-04 01:59:00,108.07
U00013,2024-05-03 00:15:00,221.23
U00014,2024-05-06 09:38:00,83.58
U00015,2024-05-03 11:41:00,310.32
U00016,2024-05-02 13:59:00,289.24
U00017,2024-05-02 09:51:00,451.51
U00021,2024-05-03 02:48:00,278.46
U00022,2024-05-03 05:15:00,81.1
U00023,2024-05-06 08:46:00,373.26
U00024,2024-05-03 07:10:00,137.52
U00027,2024-05-05 04:34:00,203.86
U00029,2024-05-02 10:14:00,403.94
U00031,2024-05-01 21:46:00,121.6
U00032,2024-05-06 15:07:00,318.24
U00033,2024-05-04 14:08:00,465.87
U00035,2024-05-02 00:04:00,229.08
U00036,2024-05-05 12:47:00,144.01
U00037,2024-05-03 13:16:00,161.23
U00038,2024-05-09 08:42:00,351.28
U00039,2024-05-03 00:35:00,276.38
U00040,2024-05-02 20:13:00,212.34
U00041,2024-05-03 02:42:00,219.76
U00043,2024-05-02 09:05:00,159.8
U00044,2024-05-05 01:27:00,91.51
U00045,2024-05-05 15:58:00,227.37
U00047,2024-05-06 11:43:00,214.0
U00048,2024-05-02 02:42:00,44.77
U00052,2024-05-03 03:44:00,217.17
U00053,2024-05-02 11:28:00,485.58
U00054,2024-05-03 03:45:00,320.86
U00055,2024-05-04 22:23:00,137.21
U00056,2024-05-08 14:25:00,55.45
U00058,2024-05-04 20:21:00,63.26
U00060,2024-05-04 07:31:00,145.84
U00061,2024-05-01 22:35:00,445.88
U00062,2024-05-04 04:32:00,232.82
U00063,2024-05-02 05:21:00,486.12
U00065,2024-05-05 00:45:00,134.21
U00066,2024-05-04 09:23:00,40.82
U00067,2024-05-04 02:26:00,300.98
U00068,2024-05-03 10:38:00,65.64
U00069,2024-05-02 04:30:00,471.74
U00071,2024-05-02 07:56:00,88.76
U00072,2024-05-02 08:11:00,343.5
U00073,2024-05-02 11:44:00,41.8
U00075,2024-05-02 12:24:00,240.85
U00076,2024-05-04 04:12:00,264.78
U00077,2024-05-06 16:02:00,346.94
U00078,2024-05-02 03:52:00,419.21
U00079,2024-05-02 22:46:00,310.4
U00080,2024-05-05 07:25:00,194.67
U00081,2024-05-07 07:23:00,460.04
U00082,2024-05-02 07:44:00,106.53
U00083,2024-05-04 03:53:00,94.04
U00084,2024-05-04 20:44:00,483.49
U00085,2024-05-02 12:39:00,235.67
U00087,2024-05-06 09:51:00,91.77
U00088,2024-05-04 01:50:00,135.47
U00089,2024-05-05 05:47:00,84.04
U00090,2024-05-03 01:44:00,267.38
U00091,2024-05-09 00:15:00,369.0
U00092,2024-05-02 06:44:00,234.04
U00093,2024-05-08 00:44:00,329.68
U00094,2024-05-05 17:36:00,481.05
U00095,2024-05-02 22:32:00,498.26
U00096,2024-05-06 01:34:00,326.1
U00097,2024-05-02 14:36:00,365.06
U00098,2024-05-06 21:26:00,97.74
U00099,2024-05-04 18:19:00,94.01
U00101,2024-05-02 23:35:00,243.91
U00102,2024-05-07 09:10:00,244.07
U00103,2024-05-05 12:18:00,226.85
U00104,2024-05-02 04:40:00,416.15
U00105,2024-05-02 22:56:00,260.04
U00106,2024-05-02 16:23:00,172.89
U00107,2024-05-04 19:28:00,395.79
U00108,2024-05-01 16:58:00,92.69
U00109,2024-05-05 02:27:00,240.64
U00110,2024-05-07 06:16:00,468.18
U00111,2024-05-06 18:13:00,150.14
U00114,2024-05-03 02:27:00,280.78
U00116,2024-05-04 11:06:00,145.55
U00117,2024-05-04 12:03:00,378.91
U00118,2024-05-02 10:13:00,91.93
U00119,2024-05-04 23:31:00,407.32
U00120,2024-05-01 15:14:00,497.18
U00121,2024-05-01 21:53:00,200.31
U00122,2024-05-01 16:53:00,415.21
U00123,2024-05-04 18:21:00,36.12
U00124,2024-05-02 00:42:00,132.4
U00125,2024-05-07 11:49:00,471.96
U00126,2024-05-07 13:54:00,136.57
U00128,2024-05-02 19:44:00,155.87
U00129,2024-05-07 16:19:00,297.99
U00130,2024-05-09 08:07:00,108.34
U00131,2024-05-02 14:06:00,124.99
U00132,2024-05-02 14:37:00,411.3
U00133,2024-05-04 19:26:00,24.54
U00135,2024-05-02 21:14:00,179.23
U00137,2024-05-02 12:26:00,94.05
U00138,2024-05-07 01:15:00,64.67
U00139,2024-05-03 17:26:00,228.64
U00140,2024-05-08 05:49:00,415.3
U00141,2024-05-05 12:40:00,411.92
U00142,2024-05-04 03:14:00,235.55
U00143,2024-05-02 15:40:00,269.02
U00145,2024-05-02 10:05:00,66.86
U00146,2024-05-06 04:28:00,327.43
U00147,2024-05-03 17:07:00,273.3
U00148,2024-05-02 05:19:00,107.86
U00149,2024-05-04 03:22:00,109.81
U00150,2024-05-02 10:33:00,278.05
U00151,2024-05-03 09:59:00,69.16
U00152,2024-05-02 15:22:00,396.73
U00153,2024-05-03 01:41:00,397.13
U00154,2024-05-01 22:18:00,323.55
U00157,2024-05-08 08:14:00,83.7
U00158,2024-05-05 05:16:00,370.77
U00159,2024-05-02 10:06:00,312.95
U00160,2024-05-02 00:49:00,482.36
U00161,2024-05-06 14:35:00,259.8
U00162,2024-05-02 15:42:00,246.09
U00163,2024-05-01 23:25:00,362.06
U00164,2024-05-08 06:53:00,134.55
U00165,2024-05-02 00:49:00,271.04
U00166,2024-05-06 11:12:00,259.81
U00167,2024-05-01 11:51:00,203.83
U00168,2024-05-01 20:11:00,106.09
U00169,2024-05-02 06:30:00,159.97
U00170,2024-05-01 18:33:00,441.06
U00171,2024-05-01 18:52:00,240.06
U00172,2024-05-03 00:38:00,428.44
U00174,2024-05-01 16:36:00,484.83
U00176,2024-05-04 05:18:00,227.92
U00177,2024-05-06 00:22:00,221.23
U00178,2024-05-04 06:45:00,306.62
U00179,2024-05-03 00:35:00,147.93
U00181,2024-05-02 05:12:00,249.43
U00182,2024-05-04 10:48:00,164.85
U00183,2024-05-02 12:38:00,20.86
U00184,2024-05-08 06:31:00,139.78
U00186,2024-05-05 03:15:00,472.08
U00187,2024-05-03 04:17:00,178.93
U00188,2024-05-04 14:59:00,62.06
U00189,2024-05-05 14:02:00,41.42
U00190,2024-05-05 16:35:00,248.61
U00191,2024-05-02 20:26:00,486.64
U00192,2024-05-03 03:15:00,176.54
U00193,2024-05-06 05:45:00,157.32
U00195,2024-05-03 08:46:00,149.32
U00197,2024-05-04 00:07:00,305.14
U00198,2024-05-03 11:32:00,431.41
U00199,2024-05-05 00:22:00,406.44
U00201,2024-05-06 18:35:00,451.85
U00202,2024-05-08 09:26:00,423.51
U00203,2024-05-02 18:58:00,179.03
U00204,2024-05-04 01:30:00,184.48
U00205,2024-05-03 00:06:00,203.99
U00206,2024-05-02 21:36:00,128.61
U00207,2024-05-07 10:00:00,255.29
U00208,2024-05-04 14:46:00,37.93
U00209,2024-05-04 13:24:00,118.64
U00210,2024-05-03 03:24:00,76.51
U00211,2024-05-02 02:10:00,283.11
U00212,2024-05-05 03:14:00,367.31
U00214,2024-05-01 16:26:00,177.76
U00215,2024-05-08 23:20:00,251.68
U00216,2024-05-09 02:34:00,316.75
U00217,2024-05-02 09:40:00,44.17
U00218,2024-05-03 21:08:00,377.71
U00220,2024-05-02 11:51:00,324.16
U00221,2024-05-03 02:45:00,111.48
U00223,2024-05-03 02:34:00,282.95
U00224,2024-05-07 04:19:00,293.91
U00225,2024-05-03 02:09:00,192.17
U00226,2024-05-08 04:14:00,374.46
U00227,2024-05-05 11:16:00,146.84
U00228,2024-05-03 05:18:00,284.08
U00229,2024-05-01 16:16:00,187.71
U00231,2024-05-01 14:10:00,162.29
U00232,2024-05-05 01:51:00,357.32
U00233,2024-05-04 10:00:00,171.87
U00234,2024-05-05 17:33:00,85.46
U00235,2024-05-03 21:33:00,316.1
U00236,2024-05-03 03:28:00,132.58
U00237,2024-05-04 12:36:00,397.12
U00239,2024-05-01 16:44:00,91.34
U00241,2024-05-02 23:11:00,455.71
U00242,2024-05-05 20:28:00,451.15
U00243,2024-05-02 15:58:00,310.02
U00244,2024-05-02 10:20:00,337.33
U00247,2024-05-03 20:18:00,27.95
U00248,2024-05-05 23:47:00,251.42
U00249,2024-05-02 17:45:00,216.25
U00251,2024-05-08 22:45:00,182.45
U00252,2024-05-02 18:52:00,58.42
U00253,2024-05-02 05:30:00,428.27
U00254,2024-05-03 17:30:00,268.52
U00255,2024-05-02 09:29:00,238.28
U00256,2024-05-04 09:36:00,383.59
U00257,2024-05-04 14:27:00,248.75
U00258,2024-05-03 10:15:00,344.39
U00259,2024-05-02 23:14:00,35.63
U00261,2024-05-04 05:52:00,195.24
U00263,2024-05-06 12:51:00,288.97
U00264,2024-05-04 03:41:00,242.6
U00265,2024-05-02 08:42:00,361.01
U00268,2024-05-02 17:34:00,278.86
U00270,2024-05-01 14:05:00,283.14
U00271,2024-05-02 20:47:00,456.78
U00272,2024-05-03 18:11:00,485.46
U00273,2024-05-03 09:06:00,256.92
U00275,2024-05-05 10:38:00,40.25
U00276,2024-05-01 14:46:00,27.23
U00279,2024-05-05 21:49:00,175.37
U00280,2024-05-08 03:13:00,335.98
U00281,2024-05-03 08:17:00,35.27
U00283,2024-05-05 18:16:00,219.29
U00284,2024-05-01 18:48:00,335.62
U00286,2024-05-02 03:33:00,414.72
U00287,2024-05-02 17:56:00,293.15
U00289,2024-05-06 01:24:00,44.25
U00290,2024-05-04 06:34:00,82.58
U00291,2024-05-05 11:00:00,175.24
U00292,2024-05-02 08:08:00,389.45
U00293,2024-05-05 03:11:00,136.66
U00294,2024-05-02 14:38:00,283.42
U00295,2024-05-01 21:04:00,334.28
U00297,2024-05-02 22:12:00,166.37
U00298,2024-05-03 22:16:00,370.35
U00299,2024-05-02 05:47:00,117.11
U00301,2024-05-02 13:23:00,316.13
U00303,2024-05-06 20:44:00,40.08
U00304,2024-05-05 15:58:00,166.19
U00305,2024-05-07 01:08:00,105.86
U00306,2024-05-05 08:54:00,368.9
U00307,2024-05-02 10:43:00,481.26
U00308,2024-05-06 11:05:00,237.79
U00309,2024-05-04 18:27:00,97.44
U00310,2024-05-04 23:33:00,432.52
U00311,2024-05-05 01:24:00,189.85
U00312,2024-05-05 09:04:00,320.22
U00313,2024-05-02 10:30:00,351.21
U00315,2024-05-01 19:58:00,401.98
U00316,2024-05-03 03:21:00,76.09
U00317,2024-05-04 00:44:00,117.01
U00318,2024-05-01 21:12:00,168.97
U00319,2024-05-02 05:43:00,336.31
U00320,2024-05-03 16:24:00,288.62
U00321,2024-05-02 03:14:00,169.46
U00322,2024-05-03 02:49:00,115.11
U00323,2024-05-01 19:33:00,88.99
U00324,2024-05-05 04:21:00,263.82
U00325,2024-05-02 09:00:00,292.26
U00328,2024-05-02 06:31:00,347.13
U00330,2024-05-03 03:54:00,424.8
U00332,2024-05-04 13:09:00,292.71
U00333,2024-05-06 11:11:00,453.72
U00334,2024-05-02 15:33:00,462.97
U00335,2024-05-03 23:53:00,396.21
U00336,2024-05-02 23:12:00,433.77
U00337,2024-05-02 08:43:00,248.61
U00338,2024-05-03 22:10:00,66.73
U00339,2024-05-03 03:31:00,24.07
U00340,2024-05-03 07:37:00,112.68
U00342,2024-05-04 23:30:00,389.54
U00343,2024-05-02 04:27:00,256.19
U00344,2024-05-01 20:07:00,450.33
U00345,2024-05-04 12:56:00,425.14
U00346,2024-05-01 21:25:00,498.57
U00347,2024-05-02 05:54:00,337.15
U00348,2024-05-03 14:27:00,167.71
U00349,2024-05-09 10:24:00,41.98
U00350,2024-05-01 22:33:00,50.29
U00351,2024-05-01 16:23:00,383.62
U00353,2024-05-02 07:26:00,150.06
U00355,2024-05-04 02:51:00,156.83
U00356,2024-05-07 20:59:00,176.33
U00357,2024-05-02 02:07:00,46.08
U00359,2024-05-06 17:39:00,438.85
U00360,2024-05-01 18:55:00,250.05
U00361,2024-05-01 13:35:00,330.87
U00362,2024-05-02 22:56:00,357.5
U00363,2024-05-03 03:46:00,119.43
U00364,2024-05-01 14:10:00,195.47
U00365,2024-05-02 06:42:00,128.21
U00366,2024-05-07 00:31:00,473.78
U00367,2024-05-01 22:19:00,354.6
U00368,2024-05-07 03:27:00,397.68
U00370,2024-05-02 21:49:00,91.01
U00371,2024-05-04 15:19:00,371.19
U00372,2024-05-02 11:12:00,311.91
U00373,2024-05-05 02:45:00,309.52
U00374,2024-05-02 13:49:00,167.88
U00375,2024-05-04 22:20:00,382.93
U00376,2024-05-03 00:51:00,203.25
U00377,2024-05-05 22:42:00,153.06
U00379,2024-05-03 00:33:00,85.04
U00380,2024-05-04 18:28:00,387.05
U00381,2024-05-04 16:41:00,199.05
U00382,2024-05-06 16:01:00,447.07
U00383,2024-05-02 06:06:00,383.52
U00384,2024-05-01 15:43:00,340.44
U00385,2024-05-01 23:40:00,472.09
U00387,2024-05-07 03:16:00,366.63
U00388,2024-05-02 17:42:00,492.78
U00390,2024-05-05 09:43:00,238.22
U00391,2024-05-01 11:08:00,486.59
U00392,2024-05-04 09:42:00,35.17
U00393,2024-05-06 17:32:00,278.91
U00394,2024-05-03 00:59:00,320.07
U00395,2024-05-05 02:03:00,335.73
U00396,2024-05-09 00:42:00,340.35
U00398,2024-05-04 19:56:00,140.61
U00405,2024-05-02 13:35:00,431.67
U00407,2024-05-02 11:03:00,353.7
U00408,2024-05-01 14:15:00,73.2
U00409,2024-05-02 21:30:00,60.51
U00410,2024-05-03 01:59:00,308.19
U00413,2024-05-04 02:36:00,204.08
U00414,2024-05-07 01:21:00,484.67
U00415,2024-05-02 21:35:00,274.6
U00416,2024-05-03 02:00:00,448.48
U00417,2024-05-03 15:59:00,465.06
U00418,2024-05-01 19:56:00,156.38
U00419,2024-05-02 14:31:00,65.27
U00420,2024-05-05 04:10:00,334.96
U00421,2024-05-03 10:31:00,98.21
U00422,2024-05-05 16:16:00,383.12
U00423,2024-05-06 14:47:00,249.25
U00424,2024-05-04 08:59:00,218.25
U00425,2024-05-09 05:41:00,341.72
U00426,2024-05-02 09:56:00,437.01
U00427,2024-05-08 10:43:00,389.47
U00428,2024-05-01 17:17:00,418.14
U00429,2024-05-09 07:59:00,296.67
U00430,2024-05-02 19:41:00,368.58
U00431,2024-05-08 02:21:00,103.18
U00432,2024-05-01 18:25:00,103.86
U00433,2024-05-01 23:48:00,396.75
U00434,2024-05-03 06:52:00,382.77
U00437,2024-05-07 03:06:00,364.46
U00438,2024-05-02 13:27:00,92.46
U00439,2024-05-03 08:40:00,452.1
U00440,2024-05-02 14:54:00,368.05
U00442,2024-05-06 14:05:00,237.51
U00443,2024-05-05 11:29:00,414.96
U00444,2024-05-02 03:11:00,393.84
U00445,2024-05-02 14:40:00,95.28
U00446,2024-05-04 10:23:00,88.23
U00447,2024-05-07 16:37:00,420.17
U00449,2024-05-03 02:05:00,261.27
U00450,2024-05-02 00:13:00,311.29
U00451,2024-05-03 08:16:00,94.03
U00452,2024-05-02 19:20:00,133.52
U00453,2024-05-08 09:15:00,426.21
U00454,2024-05-03 23:06:00,151.19
U00456,2024-05-08 08:06:00,342.9
U00457,2024-05-08 22:29:00,233.4
U00458,2024-05-04 05:35:00,359.34
U00459,2024-05-02 11:13:00,81.17
U00460,2024-05-01 15:57:00,151.54
U00462,2024-05-04 14:35:00,480.23
U00463,2024-05-03 04:15:00,487.77
U00464,2024-05-02 14:13:00,68.88
U00465,2024-05-01 21:24:00,25.09
U00466,2024-05-07 15:06:00,367.82
U00468,2024-05-03 05:47:00,428.96
U00469,2024-05-05 06:49:00,179.13
U00470,2024-05-01 20:33:00,444.98
U00471,2024-05-01 14:31:00,166.43
U00472,2024-05-02 04:52:00,172.62
U00473,2024-05-06 15:57:00,329.63
U00474,2024-05-06 07:59:00,117.44
U00475,2024-05-04 10:11:00,188.76
U00477,2024-05-05 18:14:00,192.91
U00478,2024-05-02 05:49:00,395.9
U00479,2024-05-02 12:34:00,220.49
U00480,2024-05-04 19:09:00,462.63
U00481,2024-05-02 15:02:00,326.72
U00482,2024-05-03 03:12:00,196.95
U00483,2024-05-01 17:13:00,206.72
U00484,2024-05-04 05:23:00,233.95
U00486,2024-05-05 09:46:00,216.85
U00487,2024-05-05 12:37:00,75.05
U00489,2024-05-04 22:27:00,124.0
U00490,2024-05-03 04:21:00,22.24
U00492,2024-05-04 02:06:00,206.81
U00493,2024-05-07 23:26:00,385.62
U00494,2024-05-07 05:59:00,79.55
U00495,2024-05-03 01:09:00,134.27
U00496,2024-05-03 18:53:00,270.31
U00497,2024-05-02 15:51:00,401.71
U00498,2024-05-03 18:18:00,235.17
U00499,2024-05-03 20:53:00,225.15
U00500,2024-05-02 05:53:00,289.83
U00501,2024-05-06 18:09:00,496.39
U00502,2024-05-02 04:52:00,354.3
U00504,2024-05-02 05:53:00,301.32
U00505,2024-05-09 02:38:00,226.86
U00506,2024-05-02 15:48:00,384.4
U00507,2024-05-06 04:17:00,24.56
U00508,2024-05-04 05:48:00,499.73
U00509,2024-05-01 14:20:00,437.12
U00510,2024-05-01 18:34:00,311.25
U00511,2024-05-02 13:02:00,478.42
U00513,2024-05-04 13:20:00,469.86
U00514,2024-05-02 23:29:00,426.62
U00515,2024-05-03 03:44:00,261.14
U00516,2024-05-02 08:36:00,121.09
U00517,2024-05-01 17:49:00,383.7
U00518,2024-05-06 08:47:00,379.22
U00519,2024-05-02 15:05:00,106.22
U00520,2024-05-01 21:55:00,254.54
U00521,2024-05-03 11:07:00,327.88
U00522,2024-05-04 23:46:00,50.48
U00523,2024-05-04 14:21:00,353.7
U00524,2024-05-01 21:53:00,381.47
U00525,2024-05-01 23:11:00,454.22
U00526,2024-05-03 11:51:00,123.3
U00527,2024-05-01 22:25:00,212.03
U00528,2024-05-02 00:17:00,335.51
U00529,2024-05-02 02:26:00,62.71
U00530,2024-05-07 08:49:00,356.22
U00531,2024-05-02 16:29:00,80.66
U00532,2024-05-04 14:54:00,61.73
U00533,2024-05-06 01:38:00,85.49
U00534,2024-05-03 07:22:00,266.57
U00536,2024-05-01 23:44:00,465.97
U00537,2024-05-01 13:05:00,187.87
U00539,2024-05-02 12:28:00,277.49
U00540,2024-05-03 17:47:00,452.48
U00541,2024-05-05 04:39:00,424.67
U00542,2024-05-04 14:36:00,316.45
U00543,2024-05-05 05:54:00,303.77
U00544,2024-05-01 14:12:00,167.09
U00546,2024-05-06 19:30:00,26.56
U00547,2024-05-02 17:40:00,308.88
U00548,2024-05-01 18:37:00,247.62
U00549,2024-05-04 12:20:00,457.21
U00551,2024-05-02 19:54:00,290.0
U00552,2024-05-04 15:10:00,276.11
U00556,2024-05-02 01:25:00,444.92
U00558,2024-05-03 02:49:00,182.43
U00559,2024-05-01 21:12:00,280.89
U00560,2024-05-01 18:28:00,157.69
U00561,2024-05-08 00:21:00,107.06
U00563,2024-05-02 09:08:00,223.44
U00564,2024-05-09 06:48:00,379.18
U00565,2024-05-02 11:49:00,193.21
U00566,2024-05-05 10:08:00,354.14
U00567,2024-05-03 03:34:00,475.41
U00569,2024-05-02 23:27:00,214.45
U00570,2024-05-02 05:44:00,110.12
U00572,2024-05-02 09:17:00,179.03
U00573,2024-05-02 18:04:00,57.8
U00574,2024-05-02 21:51:00,319.27
U00575,2024-05-06 16:42:00,97.51
U00577,2024-05-09 10:18:00,159.52
U00578,2024-05-04 01:18:00,460.38
U00579,2024-05-06 15:21:00,391.62
U00580,2024-05-01 23:27:00,60.12
U00582,2024-05-02 12:45:00,97.13
U00583,2024-05-06 20:37:00,21.76
U00584,2024-05-08 17:59:00,167.34
U00585,2024-05-02 12:42:00,181.2
U00586,2024-05-03 15:00:00,431.36
U00587,2024-05-01 19:01:00,261.61
U00589,2024-05-02 11:29:00,146.96
U00591,2024-05-03 07:00:00,25.54
U00592,2024-05-02 10:52:00,137.72
U00594,2024-05-05 05:02:00,408.1
U00595,2024-05-03 23:20:00,112.57
U00596,2024-05-01 19:15:00,369.32
U00597,2024-05-03 21:32:00,426.1
U00598,2024-05-02 09:52:00,450.99
U00600,2024-05-02 17:06:00,364.07
U00601,2024-05-02 15:22:00,474.21
U00604,2024-05-05 00:34:00,492.3
U00606,2024-05-01 16:53:00,149.56
U00607,2024-05-04 22:18:00,249.4
U00608,2024-05-01 14:18:00,183.42
U00609,2024-05-03 03:26:00,349.41
U00610,2024-05-01 14:29:00,274.82
U00611,2024-05-03 18:38:00,465.45
U00612,2024-05-01 23:11:00,449.63
U00613,2024-05-03 04:35:00,306.23
U00614,2024-05-01 23:00:00,238.5
U00615,2024-05-02 01:54:00,24.67
U00616,2024-05-05 14:47:00,373.37
U00617,2024-05-06 13:07:00,90.99
U00619,2024-05-08 19:42:00,319.42
U00620,2024-05-03 00:00:00,189.08
U00621,2024-05-02 19:38:00,114.43
U00623,2024-05-02 15:30:00,140.01
U00624,2024-05-08 20:58:00,481.49
U00627,2024-05-01 12:36:00,118.06
U00628,2024-05-06 02:40:00,335.58
U00629,2024-05-04 05:47:00,71.52
U00632,2024-05-09 07:08:00,468.43
U00633,2024-05-07 22:02:00,201.26
U00634,2024-05-04 06:30:00,66.18
U00635,2024-05-02 20:38:00,328.27
U00636,2024-05-02 13:14:00,178.84
U00637,2024-05-04 12:56:00,316.95
U00638,2024-05-02 12:42:00,48.51
U00640,2024-05-01 17:49:00,227.13
U00641,2024-05-07 00:19:00,230.22
U00643,2024-05-01 13:36:00,499.08
U00644,2024-05-04 04:51:00,394.5
U00645,2024-05-03 06:15:00,121.17
U00646,2024-05-06 08:54:00,312.68
U00648,2024-05-05 07:38:00,98.02
U00649,2024-05-05 11:44:00,292.85
U00650,2024-05-04 19:23:00,284.69
U00651,2024-05-02 19:24:00,334.87
U00653,2024-05-02 10:10:00,57.18
U00654,2024-05-01 15:57:00,450.75
U00657,2024-05-04 04:19:00,352.68
U00658,2024-05-05 23:48:00,170.65
U00659,2024-05-03 03:20:00,220.94
U00662,2024-05-02 08:40:00,473.49
U00663,2024-05-03 01:41:00,105.64
U00664,2024-05-03 00:01:00,127.34
U00666,2024-05-02 06:53:00,77.57
U00667,2024-05-08 06:35:00,401.21
U00668,2024-05-03 00:57:00,62.58
U00669,2024-05-03 16:35:00,326.1
U00670,2024-05-04 17:59:00,75.59
U00671,2024-05-05 21:45:00,217.39
U00672,2024-05-08 06:22:00,279.09
U00673,2024-05-01 14:30:00,492.9
U00674,2024-05-06 18:34:00,323.15
U00675,2024-05-01 22:14:00,310.34
U00676,2024-05-05 08:17:00,146.85
U00677,2024-05-09 01:08:00,210.73
U00678,2024-05-04 20:55:00,472.2
U00680,2024-05-03 07:45:00,480.55
U00681,2024-05-05 03:25:00,269.57
U00682,2024-05-02 16:40:00,439.62
U00683,2024-05-08 04:04:00,121.1
U00684,2024-05-02 01:17:00,278.11
U00685,2024-05-03 21:43:00,213.57
U00686,2024-05-02 17:20:00,310.29
U00687,2024-05-06 03:20:00,135.57
U00688,2024-05-06 09:00:00,333.0
U00689,2024-05-02 08:29:00,22.69
U00691,2024-05-02 18:59:00,362.39
U00692,2024-05-04 08:47:00,421.89
U00693,2024-05-07 09:40:00,312.09
U00694,2024-05-09 04:07:00,388.03
U00695,2024-05-03 09:39:00,83.71
U00697,2024-05-05 01:13:00,292.98
U00698,2024-05-08 14:46:00,198.7
U00699,2024-05-04 19:07:00,230.72
U00700,2024-05-06 01:08:00,98.73
U00701,2024-05-03 03:03:00,20.4
U00703,2024-05-02 08:22:00,211.94
U00704,2024-05-02 23:50:00,20.76
U00705,2024-05-04 14:58:00,106.17
U00706,2024-05-06 21:38:00,376.19
U00709,2024-05-04 03:38:00,37.57
U00710,2024-05-04 23:37:00,326.15
U00712,2024-05-06 05:33:00,393.59
U00713,2024-05-06 21:46:00,488.43
U00714,2024-05-06 14:16:00,26.03
U00715,2024-05-04 16:16:00,492.77
U00716,2024-05-02 09:19:00,100.03
U00717,2024-05-02 10:19:00,293.96
U00718,2024-05-02 23:32:00,480.91
U00719,2024-05-01 15:17:00,204.01
U00720,2024-05-08 03:32:00,63.66
U00721,2024-05-07 04:59:00,34.83
U00724,2024-05-01 17:19:00,366.56
U00725,2024-05-03 11:47:00,397.94
U00726,2024-05-07 06:01:00,343.17
U00727,2024-05-01 15:06:00,144.52
U00728,2024-05-01 13:33:00,92.04
U00729,2024-05-02 23:51:00,338.84
U00732,2024-05-01 21:14:00,302.9
U00734,2024-05-05 16:42:00,227.37
U00735,2024-05-05 06:31:00,94.21
U00737,2024-05-05 23:07:00,412.9
U00738,2024-05-03 04:54:00,151.5
U00739,2024-05-02 16:22:00,301.33
U00740,2024-05-02 12:57:00,379.92
U00742,2024-05-03 10:03:00,193.86
U00744,2024-05-02 15:07:00,155.67
U00746,2024-05-05 13:24:00,144.25
U00747,2024-05-05 07:28:00,68.43
U00748,2024-05-02 06:59:00,495.68
U00749,2024-05-05 09:56:00,115.35
U00750,2024-05-03 19:10:00,73.76
U00751,2024-05-01 18:36:00,105.13
U00753,2024-05-02 19:25:00,199.13
U00754,2024-05-06 09:59:00,126.9
U00755,2024-05-08 15:40:00,418.92
U00756,2024-05-02 23:38:00,336.5
U00757,2024-05-03 03:51:00,401.49
U00758,2024-05-03 17:14:00,231.13
U00759,2024-05-03 14:14:00,80.59
U00760,2024-05-03 18:58:00,499.3
U00761,2024-05-02 05:33:00,474.64
U00763,2024-05-02 23:48:00,488.7
U00764,2024-05-02 18:39:00,301.25
U00765,2024-05-04 05:01:00,163.43
U00766,2024-05-03 12:59:00,142.62
U00768,2024-05-05 00:52:00,291.5
U00769,2024-05-07 00:08:00,123.7
U00770,2024-05-03 09:45:00,42.94
U00771,2024-05-02 15:26:00,109.37
U00772,2024-05-04 13:30:00,64.81
U00773,2024-05-01 22:40:00,32.65
U00774,2024-05-03 02:01:00,218.97
U00775,2024-05-03 19:50:00,56.98
U00776,2024-05-04 09:49:00,364.43
U00777,2024-05-01 21:28:00,47.62
U00778,2024-05-04 22:44:00,278.43
U00779,2024-05-02 01:38:00,113.42
U00780,2024-05-05 05:22:00,426.69
U00781,2024-05-02 22:27:00,323.84
U00782,2024-05-01 16:00:00,292.68
U00783,2024-05-06 01:49:00,413.12
U00784,2024-05-01 21:00:00,67.87
U00785,2024-05-01 23:49:00,255.57
U00786,2024-05-03 14:15:00,255.42
U00787,2024-05-07 04:50:00,482.81
U00788,2024-05-03 06:28:00,448.33
U00790,2024-05-04 19:52:00,452.52
U00791,2024-05-04 22:41:00,156.66
U00793,2024-05-03 19:37:00,172.6
U00794,2024-05-02 15:42:00,262.69
U00795,2024-05-04 16:45:00,47.22
U00796,2024-05-03 10:18:00,348.47
U00797,2024-05-01 18:07:00,331.45
U00798,2024-05-05 11:27:00,482.26
U00799,2024-05-06 00:54:00,242.49
U00800,2024-05-05 06:23:00,245.71
U00801,2024-05-05 15:27:00,212.9
U00802,2024-05-04 16:06:00,461.68
U00804,2024-05-04 20:16:00,285.11
U00807,2024-05-04 08:40:00,497.65
U00809,2024-05-02 17:27:00,199.23
U00810,2024-05-01 21:47:00,397.34
U00811,2024-05-03 10:16:00,21.84
U00812,2024-05-05 08:38:00,344.56
U00813,2024-05-02 00:29:00,355.98
U00814,2024-05-02 12:41:00,124.76
U00815,2024-05-04 07:42:00,451.35
U00817,2024-05-03 16:39:00,380.27
U00818,2024-05-05 19:07:00,258.71
U00822,2024-05-02 02:00:00,486.81
U00824,2024-05-06 14:50:00,317.91
U00825,2024-05-04 15:29:00,271.28
U00826,2024-05-04 12:16:00,95.35
U00829,2024-05-03 16:12:00,271.85
U00831,2024-05-05 04:20:00,37.28
U00832,2024-05-03 16:25:00,377.24
U00833,2024-05-04 16:22:00,484.51
U00834,2024-05-08 09:08:00,168.75
U00835,2024-05-04 15:41:00,401.6
U00836,2024-05-01 12:25:00,66.67
U00837,2024-05-02 17:26:00,377.25
U00838,2024-05-03 09:39:00,149.63
U00839,2024-05-08 12:30:00,404.93
U00840,2024-05-01 12:34:00,254.49
U00841,2024-05-04 10:14:00,89.93
U00843,2024-05-02 17:37:00,468.56
U00844,2024-05-04 09:57:00,350.14
U00845,2024-05-03 06:14:00,353.57
U00846,2024-05-03 03:20:00,222.52
U00847,2024-05-05 07:49:00,34.9
U00848,2024-05-02 10:48:00,135.86
U00849,2024-05-03 12:13:00,333.78
U00850,2024-05-02 01:21:00,179.08
U00851,2024-05-02 20:48:00,333.86
U00852,2024-05-05 04:39:00,489.82
U00853,2024-05-03 09:09:00,153.87
U00854,2024-05-08 15:46:00,335.01
U00855,2024-05-07 16:36:00,433.08
U00857,2024-05-02 21:46:00,394.7
U00858,2024-05-03 01:46:00,264.58
U00859,2024-05-05 13:48:00,493.61
U00860,2024-05-02 07:25:00,50.21
U00861,2024-05-03 17:29:00,388.79
U00862,2024-05-04 15:31:00,307.1
U00864,2024-05-06 15:28:00,79.0
U00866,2024-05-04 02:42:00,125.54
U00867,2024-05-03 10:30:00,168.08
U00868,2024-05-06 04:23:00,206.19
U00871,2024-05-02 12:54:00,301.04
U00872,2024-05-05 02:37:00,237.49
U00873,2024-05-01 21:59:00,449.56
U00874,2024-05-03 22:28:00,137.91
U00875,2024-05-02 19:05:00,94.84
U00876,2024-05-05 05:41:00,40.29
U00878,2024-05-04 19:08:00,170.98
U00880,2024-05-03 20:54:00,445.78
U00881,2024-05-03 03:25:00,270.12
U00882,2024-05-02 11:11:00,301.1
U00883,2024-05-05 15:43:00,25.82
U00884,2024-05-01 20:45:00,51.72
U00885,2024-05-03 02:07:00,228.26
U00886,2024-05-05 04:57:00,376.41
U00887,2024-05-05 05:57:00,498.94
U00888,2024-05-02 11:08:00,450.36
U00890,2024-05-03 18:04:00,310.96
U00891,2024-05-04 07:35:00,401.24
U00892,2024-05-05 02:47:00,350.11
U00893,2024-05-04 22:49:00,51.71
U00894,2024-05-03 07:46:00,377.74
U00895,2024-05-09 08:25:00,193.15
U00896,2024-05-05 18:37:00,303.67
U00897,2024-05-06 02:38:00,164.14
U00900,2024-05-03 08:59:00,117.96
U00901,2024-05-02 02:46:00,384.05
U00903,2024-05-01 19:10:00,392.41
U00904,2024-05-01 23:07:00,494.08
U00905,2024-05-05 10:48:00,77.48
U00906,2024-05-02 16:43:00,339.12
U00907,2024-05-03 10:57:00,30.91
U00908,2024-05-02 10:15:00,131.13
U00909,2024-05-04 18:22:00,53.0
U00910,2024-05-02 11:16:00,449.61
U00911,2024-05-02 13:57:00,22.54
U00914,2024-05-02 04:28:00,120.9
U00915,2024-05-02 04:45:00,79.16
U00916,2024-05-05 12:05:00,227.98
U00917,2024-05-02 06:06:00,247.15
U00919,2024-05-07 07:39:00,433.76
U00920,2024-05-01 15:43:00,285.86
U00921,2024-05-06 14:17:00,202.36
U00922,2024-05-04 01:14:00,69.53
U00923,2024-05-03 19:17:00,37.58
U00925,2024-05-03 08:34:00,369.76
U00926,2024-05-08 04:25:00,132.43
U00927,2024-05-01 21:33:00,316.95
U00929,2024-05-01 22:18:00,228.62
U00930,2024-05-02 12:32:00,464.58
U00931,2024-05-02 14:21:00,452.4
U00933,2024-05-02 19:22:00,417.49
U00934,2024-05-03 06:14:00,222.62
U00935,2024-05-02 09:44:00,339.14
U00936,2024-05-03 11:48:00,67.17
U00937,2024-05-02 18:18:00,279.21
U00938,2024-05-05 04:29:00,145.42
U00939,2024-05-03 16:24:00,402.9
U00940,2024-05-05 05:35:00,216.89
U00942,2024-05-04 23:31:00,51.45
U00944,2024-05-04 15:28:00,161.04
U00945,2024-05-02 16:49:00,274.57
U00946,2024-05-02 21:22:00,243.53
U00947,2024-05-03 06:32:00,120.29
U00948,2024-05-07 06:45:00,79.41
U00949,2024-05-03 05:27:00,175.05
U00950,2024-05-02 02:37:00,434.73
U00951,2024-05-02 22:21:00,422.05
U00953,2024-05-02 14:12:00,56.6
U00954,2024-05-02 04:48:00,422.27
U00955,2024-05-03 21:16:00,142.47
U00956,2024-05-03 01:44:00,400.18
U00958,2024-05-03 02:03:00,54.89
U00959,2024-05-04 10:25:00,426.77
U00960,2024-05-04 20:12:00,85.52
U00961,2024-05-01 12:07:00,310.73
U00963,2024-05-04 19:13:00,396.09
U00964,2024-05-03 12:00:00,214.02
U00965,2024-05-01 23:59:00,34.65
U00967,2024-05-02 14:25:00,54.95
U00970,2024-05-08 02:14:00,431.76
U00971,2024-05-03 14:41:00,207.55
U00972,2024-05-03 07:16:00,403.36
U00973,2024-05-02 11:26:00,117.26
U00974,2024-05-06 23:18:00,488.69
U00975,2024-05-04 12:11:00,133.52
U00977,2024-05-02 20:58:00,102.38
U00980,2024-05-02 12:14:00,494.66
U00981,2024-05-03 10:18:00,86.6
U00983,2024-05-05 04:27:00,132.93
U00984,2024-05-08 05:24:00,295.8
U00985,2024-05-02 04:54:00,202.85
U00986,2024-05-03 14:55:00,114.13
U00987,2024-05-02 22:42:00,182.19
U00988,2024-05-06 20:08:00,476.78
U00989,2024-05-02 06:11:00,115.59
U00990,2024-05-02 10:38:00,103.28
U00991,2024-05-04 20:43:00,400.38
U00992,2024-05-02 19:12:00,310.43
U00993,2024-05-02 05:46:00,434.74
U00994,2024-05-05 11:21:00,166.18
U00995,2024-05-01 17:44:00,198.8
U00996,2024-05-01 21:09:00,270.46
U00998,2024-05-02 16:22:00,88.74
U00999,2024-05-03 10:38:00,254.98
U01000,2024-05-04 08:00:00,188.04
U01001,2024-05-05 15:56:00,107.19
U01003,2024-05-04 11:51:00,357.19
U01004,2024-05-04 05:55:00,159.12
U01005,2024-05-02 19:53:00,433.09
U01007,2024-05-02 12:15:00,254.69
U01008,2024-05-04 13:49:00,294.88
U01009,2024-05-06 17:40:00,333.8
U01011,2024-05-03 19:43:00,378.09
U01012,2024-05-01 18:09:00,234.32
U01013,2024-05-04 06:03:00,332.3
U01016,2024-05-03 22:50:00,283.85
U01017,2024-05-02 12:16:00,257.53
U01018,2024-05-02 15:21:00,80.71
U01019,2024-05-02 00:00:00,214.66
U01020,2024-05-06 14:05:00,73.07
U01021,2024-05-01 13:56:00,152.56
U01023,2024-05-01 22:04:00,362.06
U01024,2024-05-01 15:13:00,432.51
U01025,2024-05-06 20:48:00,461.34
U01026,2024-05-05 20:47:00,320.88
U01027,2024-05-02 20:40:00,334.45
U01028,2024-05-05 01:23:00,312.25
U01029,2024-05-03 00:20:00,230.73
U01030,2024-05-02 10:11:00,252.81
U01031,2024-05-02 11:38:00,99.27
U01032,2024-05-07 07:41:00,315.3
U01033,2024-05-06 06:34:00,294.12
U01034,2024-05-03 17:56:00,63.92
U01035,2024-05-01 23:37:00,381.04
U01036,2024-05-06 20:59:00,408.07
U01037,2024-05-04 19:41:00,420.84
U01038,2024-05-05 01:50:00,298.4
U01039,2024-05-02 19:09:00,129.42
U01040,2024-05-01 22:07:00,319.15
U01041,2024-05-02 23:25:00,499.32
U01042,2024-05-02 12:10:00,65.31
U01043,2024-05-06 17:45:00,292.27
U01044,2024-05-07 09:39:00,218.58
U01045,2024-05-02 04:36:00,355.46
U01047,2024-05-05 03:43:00,286.51
U01048,2024-05-01 13:18:00,164.54
U01049,2024-05-05 12:46:00,398.81
U01050,2024-05-03 23:48:00,312.13
U01051,2024-05-05 06:31:00,224.24
U01052,2024-05-03 03:54:00,33.32
U01053,2024-05-02 19:12:00,22.94
U01054,2024-05-02 22:21:00,443.59
U01055,2024-05-07 06:37:00,129.83
U01059,2024-05-06 08:23:00,148.05
U01060,2024-05-05 09:10:00,454.4
U01061,2024-05-07 23:27:00,349.4
U01062,2024-05-05 12:45:00,251.0
U01063,2024-05-02 02:00:00,117.79
U01065,2024-05-02 02:27:00,446.7
U01066,2024-05-02 10:25:00,306.5
U01067,2024-05-04 23:11:00,397.36
U01071,2024-05-03 17:52:00,391.04
U01072,2024-05-04 15:45:00,27.4
U01073,2024-05-03 10:51:00,237.7
U01074,2024-05-02 04:57:00,356.74
U01075,2024-05-05 05:20:00,241.07
U01076,2024-05-09 04:25:00,87.64
U01077,2024-05-02 00:53:00,297.43
U01079,2024-05-03 09:22:00,496.97
U01080,2024-05-01 15:41:00,475.42
U01081,2024-05-01 23:59:00,58.82
U01082,2024-05-03 00:14:00,408.64
U01083,2024-05-06 18:20:00,286.56
U01085,2024-05-06 11:12:00,386.69
U01086,2024-05-01 18:33:00,495.07
U01087,2024-05-05 19:49:00,233.28
U01088,2024-05-06 02:47:00,453.11
U01089,2024-05-04 12:48:00,161.57
U01091,2024-05-03 14:41:00,41.04
U01093,2024-05-02 09:09:00,313.56
U01094,2024-05-04 10:14:00,35.96
U01095,2024-05-07 00:17:00,427.17
U01097,2024-05-01 22:13:00,142.29
U01098,2024-05-02 09:45:00,35.34
U01099,2024-05-01 14:24:00,445.47
U01101,2024-05-05 22:50:00,269.92
U01102,2024-05-01 18:49:00,424.09
U01104,2024-05-03 00:09:00,229.53
U01106,2024-05-06 23:11:00,105.26
U01108,2024-05-05 10:11:00,152.96
U01109,2024-05-03 09:58:00,181.02
U01110,2024-05-03 06:51:00,231.19
U01111,2024-05-05 14:12:00,124.72
U01112,2024-05-02 14:47:00,436.94
U01115,2024-05-02 22:51:00,76.39
U01117,2024-05-03 11:53:00,146.56
U01118,2024-05-03 11:30:00,475.69
U01119,2024-05-03 09:37:00,148.2
U01121,2024-05-06 21:21:00,88.45
U01122,2024-05-04 11:49:00,157.24
U01123,2024-05-06 05:32:00,453.76
U01124,2024-05-02 11:38:00,283.51
U01126,2024-05-03 00:29:00,244.65
U01127,2024-05-02 15:11:00,335.98
U01128,2024-05-03 09:04:00,338.03
U01130,2024-05-02 09:25:00,430.85
U01131,2024-05-02 08:29:00,448.94
U01132,2024-05-03 19:09:00,245.38
U01133,2024-05-01 23:20:00,386.96
U01135,2024-05-02 14:31:00,490.25
U01137,2024-05-04 22:00:00,207.01
U01138,2024-05-04 17:58:00,336.8
U01139,2024-05-05 11:38:00,152.89
U01140,2024-05-04 08:53:00,304.36
U01141,2024-05-01 13:25:00,340.0
U01142,2024-05-03 09:30:00,294.36
U01143,2024-05-03 23:28:00,206.91
U01145,2024-05-02 09:13:00,188.95
U01146,2024-05-03 01:11:00,20.57
U01147,2024-05-05 16:47:00,35.85
U01148,2024-05-08 06:33:00,174.13
U01149,2024-05-02 13:04:00,218.49
U01150,2024-05-04 11:41:00,218.69
U01151,2024-05-09 02:33:00,295.96
U01152,2024-05-02 16:13:00,328.42
U01155,2024-05-02 04:55:00,434.87
U01156,2024-05-03 14:15:00,54.79
U01157,2024-05-03 18:18:00,28.98
U01159,2024-05-04 01:16:00,312.56
U01160,2024-05-01 14:18:00,495.92
U01161,2024-05-03 18:51:00,467.75
U01163,2024-05-01 15:38:00,411.71
U01164,2024-05-03 21:36:00,98.26
U01165,2024-05-05 04:33:00,257.69
U01167,2024-05-03 00:41:00,362.05
U01168,2024-05-02 03:03:00,483.68
U01172,2024-05-07 19:47:00,99.78
U01174,2024-05-01 18:15:00,88.04
U01175,2024-05-03 05:45:00,171.59
U01176,2024-05-08 15:30:00,284.59
U01177,2024-05-01 12:53:00,127.74
U01178,2024-05-05 11:13:00,93.75
U01179,2024-05-04 19:27:00,293.61
U01180,2024-05-04 15:00:00,408.16
U01181,2024-05-02 08:19:00,155.07
U01183,2024-05-04 22:58:00,274.14
U01184,2024-05-02 09:34:00,227.45
U01185,2024-05-03 13:15:00,166.26
U01186,2024-05-01 21:31:00,279.47
U01187,2024-05-03 16:10:00,222.8
U01189,2024-05-03 05:08:00,105.53
U01190,2024-05-02 14:23:00,437.54
U01191,2024-05-03 01:39:00,342.16
U01192,2024-05-03 00:23:00,387.12
U01193,2024-05-07 11:40:00,56.13
U01194,2024-05-04 09:13:00,408.05
U01195,2024-05-02 07:10:00,406.98
U01196,2024-05-02 12:42:00,285.38
U01197,2024-05-02 03:05:00,287.02
U01198,2024-05-05 13:58:00,492.44
U01199,2024-05-05 03:58:00,437.33
U01200,2024-05-06 22:09:00,385.36
U01201,2024-05-03 04:31:00,225.31
U01203,2024-05-08 00:59:00,388.7
U01206,2024-05-02 04:04:00,257.43
U01207,2024-05-03 00:09:00,177.29
U01208,2024-05-03 16:34:00,387.05
U01209,2024-05-02 04:18:00,240.54
U01211,2024-05-02 02:13:00,447.02
U01212,2024-05-01 22:45:00,348.45
U01213,2024-05-05 23:29:00,160.42
U01214,2024-05-04 08:19:00,399.34
U01216,2024-05-07 11:19:00,197.94
U01217,2024-05-04 15:40:00,300.23
U01218,2024-05-01 18:12:00,163.64
U01219,2024-05-07 07:48:00,380.95
U01220,2024-05-02 20:58:00,414.11
U01221,2024-05-03 20:46:00,199.36
U01222,2024-05-02 12:54:00,275.67
U01223,2024-05-04 22:04:00,119.16
U01224,2024-05-02 12:49:00,264.64
U01225,2024-05-02 13:07:00,292.69
U01226,2024-05-05 09:25:00,281.46
U01227,2024-05-02 18:56:00,412.7
U01228,2024-05-01 14:59:00,84.47
U01229,2024-05-01 18:07:00,296.17
U01230,2024-05-03 03:13:00,386.5
U01231,2024-05-02 13:59:00,406.9
U01232,2024-05-02 07:00:00,51.2
U01233,2024-05-09 00:19:00,472.2
U01235,2024-05-01 19:12:00,359.49
U01236,2024-05-03 05:38:00,372.98
U01237,2024-05-04 06:13:00,417.65
U01238,2024-05-02 12:06:00,91.67
U01239,2024-05-07 06:22:00,170.23
U01240,2024-05-02 22:04:00,62.95
U01241,2024-05-01 19:40:00,264.47
U01244,2024-05-01 12:20:00,149.54
U01245,2024-05-02 07:07:00,119.96
U01246,2024-05-02 00:08:00,485.85
U01247,2024-05-02 03:45:00,478.44
U01248,2024-05-02 23:46:00,441.83
U01249,2024-05-07 13:17:00,82.7
U01251,2024-05-02 23:23:00,362.92
U01253,2024-05-01 13:56:00,237.65
U01254,2024-05-03 00:47:00,21.27
U01255,2024-05-03 09:19:00,343.16
U01256,2024-05-01 21:58:00,66.45
U01257,2024-05-05 00:42:00,295.2
U01260,2024-05-03 10:00:00,85.25
U01261,2024-05-01 13:17:00,496.4
U01262,2024-05-04 23:30:00,435.81
U01263,2024-05-07 02:37:00,441.91
U01264,2024-05-04 09:00:00,380.69
U01267,2024-05-02 07:05:00,264.51
U01268,2024-05-06 18:26:00,119.69
U01269,2024-05-02 20:45:00,434.77
U01270,2024-05-02 00:41:00,191.01
U01271,2024-05-03 00:05:00,431.44
U01273,2024-05-01 23:08:00,76.86
U01274,2024-05-07 23:11:00,58.49
U01276,2024-05-03 22:07:00,246.82
U01279,2024-05-07 10:04:00,436.22
U01280,2024-05-01 19:50:00,78.34
U01281,2024-05-02 18:47:00,232.39
U01282,2024-05-02 17:06:00,124.44
U01283,2024-05-03 17:18:00,374.52
U01284,2024-05-01 17:51:00,386.55
U01285,2024-05-06 22:49:00,408.02
U01286,2024-05-07 18:48:00,193.89
U01287,2024-05-02 08:52:00,495.57
U01288,2024-05-05 15:38:00,382.26
U01289,2024-05-04 20:25:00,290.06
U01290,2024-05-01 15:13:00,432.64
U01291,2024-05-02 05:51:00,248.09
U01292,2024-05-02 23:33:00,180.61
U01293,2024-05-06 08:45:00,112.09
U01294,2024-05-02 01:53:00,106.85
U01295,2024-05-04 22:14:00,421.24
U01296,2024-05-05 22:15:00,213.99
U01297,2024-05-02 10:17:00,401.46
U01298,2024-05-02 17:56:00,54.3
U01299,2024-05-03 11:54:00,74.3
U01300,2024-05-08 03:22:00,127.94
U01301,2024-05-06 06:50:00,102.39
U01302,2024-05-05 13:09:00,432.4
U01303,2024-05-02 07:40:00,144.34
U01304,2024-05-02 00:26:00,137.45
U01306,2024-05-03 19:21:00,23.48
U01308,2024-05-03 02:08:00,212.71
U01309,2024-05-02 05:21:00,391.94
U01310,2024-05-07 03:37:00,212.38
U01311,2024-05-01 18:39:00,442.09
U01312,2024-05-01 15:43:00,87.0
U01313,2024-05-02 20:21:00,199.69
U01314,2024-05-05 21:26:00,203.46
U01315,2024-05-03 07:14:00,339.45
U01316,2024-05-04 13:44:00,100.78
U01317,2024-05-01 12:46:00,338.57
U01318,2024-05-04 14:22:00,357.04
U01319,2024-05-06 16:23:00,55.94
U01320,2024-05-02 23:04:00,64.95
U01321,2024-05-04 23:19:00,463.27
U01323,2024-05-02 20:30:00,363.4
U01324,2024-05-08 23:24:00,487.85
U01325,2024-05-07 01:33:00,233.74
U01328,2024-05-03 05:55:00,368.53
U01329,2024-05-02 23:27:00,324.84
U01330,2024-05-02 05:38:00,200.08
U01331,2024-05-07 03:34:00,100.13
U01332,2024-05-03 08:35:00,194.4
U01333,2024-05-01 19:22:00,107.86
U01334,2024-05-04 06:47:00,344.6
U01335,2024-05-02 02:56:00,426.95
U01336,2024-05-05 20:28:00,422.69
U01337,2024-05-03 01:17:00,411.87
U01339,2024-05-04 03:50:00,392.04
U01340,2024-05-07 12:45:00,438.35
U01342,2024-05-06 17:02:00,391.86
U01343,2024-05-01 16:25:00,278.92
U01344,2024-05-02 00:43:00,162.07
U01345,2024-05-02 05:20:00,349.0
U01346,2024-05-08 06:57:00,146.99
U01347,2024-05-03 21:07:00,301.07
U01348,2024-05-03 13:42:00,235.45
U01349,2024-05-03 08:15:00,355.96
U01350,2024-05-05 11:30:00,481.15
U01351,2024-05-01 21:49:00,252.61
U01352,2024-05-03 15:14:00,483.92
U01353,2024-05-06 23:52:00,459.85
U01354,2024-05-03 02:59:00,51.92
U01355,2024-05-03 05:48:00,295.96
U01356,2024-05-01 13:28:00,132.1
U01358,2024-05-01 11:05:00,235.31
U01359,2024-05-03 21:45:00,428.2
U01361,2024-05-06 05:29:00,120.78
U01362,2024-05-02 06:44:00,150.05
U01364,2024-05-01 16:49:00,186.23
U01365,2024-05-02 05:36:00,309.09
U01366,2024-05-01 16:51:00,404.56
U01367,2024-05-01 16:25:00,388.25
U01368,2024-05-02 12:06:00,92.74
U01369,2024-05-02 13:04:00,163.99
U01370,2024-05-01 17:31:00,363.51
U01371,2024-05-01 17:17:00,180.94
U01372,2024-05-05 06:21:00,454.39
U01373,2024-05-02 08:31:00,390.84
U01374,2024-05-03 06:46:00,253.24
U01375,2024-05-05 12:54:00,268.13
U01377,2024-05-02 17:22:00,31.19
U01378,2024-05-04 16:00:00,40.64
U01379,2024-05-01 18:25:00,188.19
U01380,2024-05-02 05:45:00,355.72
U01381,2024-05-01 17:13:00,195.67
U01382,2024-05-04 20:12:00,199.24
U01386,2024-05-03 18:32:00,397.34
U01388,2024-05-04 03:33:00,495.96
U01389,2024-05-02 21:43:00,257.43
U01391,2024-05-03 06:55:00,398.53
U01392,2024-05-03 21:14:00,218.8
U01393,2024-05-02 14:35:00,201.66
U01394,2024-05-02 21:50:00,38.04
U01396,2024-05-05 08:45:00,305.61
U01397,2024-05-05 07:35:00,262.92
U01398,2024-05-02 07:00:00,162.37
U01399,2024-05-02 07:16:00,467.74
U01400,2024-05-02 04:43:00,470.74
U01401,2024-05-05 03:53:00,159.26
U01402,2024-05-08 21:24:00,149.28
U01403,2024-05-05 15:46:00,191.04
U01404,2024-05-03 00:05:00,45.11
U01405,2024-05-04 08:20:00,313.58
U01407,2024-05-04 08:06:00,300.26
U01408,2024-05-08 04:10:00,242.74
U01409,2024-05-06 04:36:00,316.16
U01410,2024-05-03 22:40:00,231.21
U01411,2024-05-06 23:11:00,439.42
U01412,2024-05-07 05:06:00,160.42
U01414,2024-05-02 13:24:00,283.4
U01415,2024-05-03 10:24:00,261.24
U01417,2024-05-07 00:10:00,424.64
U01419,2024-05-03 01:28:00,74.97
U01420,2024-05-01 18:54:00,426.72
U01422,2024-05-01 20:34:00,127.47
U01423,2024-05-03 17:07:00,232.28
U01424,2024-05-02 10:00:00,35.71
U01425,2024-05-05 09:10:00,277.95
U01427,2024-05-06 14:11:00,439.38
U01429,2024-05-07 21:25:00,308.68
U01430,2024-05-04 13:35:00,337.71
U01431,2024-05-03 09:47:00,206.75
U01432,2024-05-04 08:48:00,26.3
U01433,2024-05-02 17:58:00,48.12
U01435,2024-05-07 13:14:00,20.72
U01436,2024-05-06 04:59:00,285.79
U01437,2024-05-08 02:49:00,50.08
U01438,2024-05-04 14:41:00,191.22
U01439,2024-05-07 12:47:00,184.77
U01440,2024-05-04 09:41:00,135.78
U01441,2024-05-02 23:38:00,354.41
U01442,2024-05-08 13:11:00,355.22
U01443,2024-05-02 03:57:00,102.0
U01444,2024-05-01 15:45:00,223.16
U01445,2024-05-04 14:38:00,106.02
U01446,2024-05-03 19:51:00,86.29
U01447,2024-05-03 15:17:00,491.89
U01448,2024-05-02 03:17:00,481.22
U01449,2024-05-02 05:34:00,328.04
U01450,2024-05-02 12:43:00,390.81
U01451,2024-05-04 09:05:00,320.05
U01453,2024-05-06 16:19:00,355.03
U01454,2024-05-02 16:48:00,379.01
U01456,2024-05-09 06:26:00,133.45
U01457,2024-05-01 16:33:00,241.71
U01458,2024-05-01 21:44:00,418.45
U01459,2024-05-03 06:40:00,295.44
U01460,2024-05-03 01:27:00,153.43
U01461,2024-05-04 17:19:00,433.08
U01462,2024-05-06 03:31:00,32.28
U01463,2024-05-02 09:44:00,364.84
U01464,2024-05-06 20:41:00,41.88
U01465,2024-05-01 13:15:00,390.4
U01466,2024-05-02 23:14:00,499.64
U01467,2024-05-01 21:40:00,468.58
U01468,2024-05-05 10:15:00,175.48
U01469,2024-05-07 01:52:00,276.14
U01470,2024-05-04 23:45:00,482.71
U01472,2024-05-01 23:21:00,338.46
U01473,2024-05-02 13:26:00,194.38
U01474,2024-05-05 10:49:00,470.76
U01475,2024-05-01 19:29:00,40.56
U01476,2024-05-01 17:31:00,150.53
U01477,2024-05-02 13:20:00,188.56
U01478,2024-05-02 23:55:00,94.66
U01479,2024-05-03 01:58:00,395.24
U01480,2024-05-02 09:12:00,304.18
U01481,2024-05-02 21:08:00,81.26
U01482,2024-05-02 05:47:00,438.36
U01483,2024-05-05 10:27:00,264.77
U01484,2024-05-04 09:29:00,317.87
U01487,2024-05-01 17:20:00,451.48
U01488,2024-05-02 03:25:00,327.27
U01489,2024-05-06 22:35:00,80.49
U01490,2024-05-03 02:03:00,155.26
U01491,2024-05-01 11:12:00,134.8
U01493,2024-05-03 15:25:00,67.62
U01495,2024-05-05 06:17:00,342.28
U01496,2024-05-02 10:22:00,49.66
U01497,2024-05-02 14:48:00,200.76
U01498,2024-05-03 21:15:00,481.94
U01500,2024-05-07 10:24:00,48.74
U01501,2024-05-04 21:22:00,92.56
U01502,2024-05-02 10:07:00,39.22
U01503,2024-05-02 15:29:00,320.66
U01504,2024-05-07 02:40:00,340.3
U01506,2024-05-02 21:41:00,205.23
U01507,2024-05-04 22:17:00,221.03
U01509,2024-05-03 05:30:00,160.5
U01510,2024-05-07 03:32:00,423.62
U01511,2024-05-05 08:01:00,25.64
U01513,2024-05-01 23:41:00,122.01
U01515,2024-05-05 04:45:00,451.82
U01516,2024-05-02 23:12:00,155.29
U01517,2024-05-03 15:50:00,262.73
U01518,2024-05-03 18:09:00,63.78
U01519,2024-05-02 19:18:00,195.59
U01521,2024-05-03 20:35:00,493.95
U01522,2024-05-04 09:39:00,465.93
U01523,2024-05-07 11:52:00,409.28
U01524,2024-05-02 08:14:00,244.22
U01525,2024-05-05 06:40:00,476.06
U01526,2024-05-01 21:44:00,309.22
U01527,2024-05-01 21:42:00,254.65
U01528,2024-05-01 20:05:00,72.0
U01529,2024-05-03 04:36:00,195.99
U01531,2024-05-03 05:47:00,256.56
U01532,2024-05-01 17:09:00,35.69
U01533,2024-05-02 11:05:00,293.66
U01534,2024-05-06 22:11:00,88.15
U01535,2024-05-04 21:08:00,288.55
U01537,2024-05-03 01:19:00,369.02
U01538,2024-05-06 12:26:00,232.87
U01540,2024-05-03 20:09:00,159.3
U01541,2024-05-04 01:18:00,214.66
U01543,2024-05-01 13:55:00,494.97
U01544,2024-05-04 05:46:00,487.78
U01545,2024-05-05 04:13:00,477.63
U01547,2024-05-01 21:07:00,79.28
U01548,2024-05-02 07:28:00,97.78
U01550,2024-05-05 09:29:00,481.29
U01551,2024-05-04 10:40:00,202.79
U01552,2024-05-03 21:35:00,94.04
U01554,2024-05-02 09:56:00,242.47
U01555,2024-05-03 01:02:00,129.09
U01558,2024-05-03 13:56:00,100.1
U01559,2024-05-05 10:31:00,188.05
U01560,2024-05-06 21:32:00,125.56
U01562,2024-05-04 07:24:00,467.8
U01564,2024-05-02 21:09:00,168.12
U01565,2024-05-06 21:35:00,71.39
U01566,2024-05-03 17:15:00,270.24
U01567,2024-05-05 04:31:00,328.41
U01569,2024-05-02 09:17:00,451.95
U01570,2024-05-05 03:52:00,369.92
U01571,2024-05-05 23:32:00,377.49
U01572,2024-05-01 15:03:00,346.12
U01573,2024-05-02 01:40:00,200.14
U01574,2024-05-01 19:46:00,133.3
U01575,2024-05-02 20:06:00,134.03
U01576,2024-05-03 01:44:00,331.05
U01578,2024-05-02 04:42:00,72.86
U01579,2024-05-02 13:55:00,185.18
U01580,2024-05-07 18:56:00,387.16
U01581,2024-05-09 06:13:00,164.92
U01582,2024-05-08 05:34:00,74.09
U01583,2024-05-06 15:44:00,481.42
U01584,2024-05-03 03:15:00,387.44
U01586,2024-05-01 18:40:00,250.31
U01587,2024-05-05 04:52:00,369.05
U01588,2024-05-02 12:58:00,190.85
U01589,2024-05-01 18:36:00,65.46
U01590,2024-05-03 20:18:00,422.81
U01591,2024-05-04 23:08:00,187.07
U01592,2024-05-04 19:53:00,41.8
U01593,2024-05-03 11:09:00,127.96
U01595,2024-05-01 22:09:00,78.33
U01596,2024-05-04 01:29:00,373.7
U01598,2024-05-02 19:10:00,50.9
U01600,2024-05-05 02:44:00,452.86
U01601,2024-05-02 00:30:00,34.79
U01603,2024-05-03 23:50:00,105.96
U01604,2024-05-02 14:18:00,304.94
U01605,2024-05-05 02:17:00,186.55
U01606,2024-05-04 16:44:00,80.87
U01607,2024-05-02 12:34:00,477.09
U01608,2024-05-04 11:16:00,104.77
U01609,2024-05-04 15:11:00,407.34
U01610,2024-05-06 07:38:00,239.8
U01612,2024-05-01 19:36:00,467.52
U01613,2024-05-05 16:37:00,347.88
U01614,2024-05-03 03:07:00,329.94
U01615,2024-05-02 20:55:00,347.59
U01616,2024-05-05 00:18:00,137.36
U01617,2024-05-05 16:05:00,384.36
U01618,2024-05-02 14:43:00,346.4
U01619,2024-05-02 01:01:00,346.22
U01621,2024-05-06 20:28:00,134.92
U01622,2024-05-04 16:08:00,147.27
U01623,2024-05-03 08:41:00,246.17
U01624,2024-05-02 23:37:00,263.0
U01626,2024-05-05 10:49:00,167.68
U01627,2024-05-03 06:44:00,370.48
U01628,2024-05-09 01:48:00,489.42
U01629,2024-05-05 12:52:00,250.97
U01630,2024-05-01 21:09:00,168.0
U01631,2024-05-04 00:22:00,145.98
U01632,2024-05-02 17:40:00,347.34
U01633,2024-05-05 11:13:00,411.06
U01635,2024-05-03 21:30:00,481.05
U01636,2024-05-03 09:22:00,440.62
U01637,2024-05-02 12:27:00,191.05
U01638,2024-05-01 14:36:00,67.91
U01639,2024-05-03 01:39:00,422.92
U01642,2024-05-02 04:26:00,213.01
U01643,2024-05-06 19:11:00,357.66
U01644,2024-05-05 09:20:00,89.48
U01645,2024-05-03 17:58:00,395.92
U01647,2024-05-05 15:23:00,319.25
U01648,2024-05-01 12:06:00,462.61
U01650,2024-05-03 12:26:00,47.02
U01651,2024-05-07 03:29:00,470.85
U01653,2024-05-05 23:18:00,176.22
U01655,2024-05-03 07:20:00,422.73
U01656,2024-05-02 10:45:00,172.78
U01658,2024-05-03 10:24:00,102.82
U01662,2024-05-09 04:32:00,93.71
U01663,2024-05-04 02:58:00,144.71
U01664,2024-05-06 19:06:00,199.83
U01665,2024-05-02 05:59:00,460.47
U01666,2024-05-04 00:19:00,450.99
U01667,2024-05-03 01:54:00,450.85
U01669,2024-05-04 07:39:00,331.12
U01670,2024-05-07 10:21:00,164.68
U01671,2024-05-06 05:37:00,212.21
U01672,2024-05-06 21:04:00,32.19
U01674,2024-05-06 23:07:00,499.93
U01675,2024-05-03 06:23:00,23.5
U01678,2024-05-03 13:26:00,174.69
U01680,2024-05-07 03:02:00,110.04
U01681,2024-05-02 23:37:00,225.84
U01682,2024-05-03 09:12:00,451.71
U01683,2024-05-02 10:57:00,393.3
U01684,2024-05-02 18:06:00,350.74
U01685,2024-05-01 21:11:00,209.48
U01687,2024-05-02 01:00:00,348.65
U01688,2024-05-04 23:49:00,337.76
U01689,2024-05-02 22:29:00,210.61
U01690,2024-05-02 18:55:00,369.74
U01691,2024-05-05 12:43:00,496.95
U01692,2024-05-02 20:37:00,201.14
U01693,2024-05-02 00:18:00,178.6
U01694,2024-05-07 01:21:00,141.75
U01696,2024-05-03 11:37:00,368.14
U01697,2024-05-02 09:48:00,425.66
U01698,2024-05-02 02:18:00,246.88
U01699,2024-05-04 14:32:00,31.87
U01700,2024-05-03 13:21:00,467.11
U01702,2024-05-08 09:29:00,348.52
U01703,2024-05-01 15:38:00,359.7
U01704,2024-05-02 10:22:00,307.42
U01706,2024-05-04 11:05:00,175.51
U01707,2024-05-09 06:14:00,460.19
U01708,2024-05-02 13:14:00,409.33
U01709,2024-05-04 18:29:00,384.92
U01710,2024-05-03 06:48:00,348.69
U01711,2024-05-03 11:08:00,317.37
U01712,2024-05-02 16:56:00,346.85
U01713,2024-05-05 12:32:00,210.99
U01714,2024-05-02 15:14:00,148.59
U01715,2024-05-05 13:49:00,55.33
U01716,2024-05-04 14:53:00,114.9
U01717,2024-05-08 00:03:00,165.3
U01718,2024-05-02 05:21:00,58.27
U01720,2024-05-02 12:11:00,435.94
U01721,2024-05-02 20:19:00,434.79
U01722,2024-05-01 12:06:00,219.3
U01723,2024-05-03 05:39:00,463.02
U01724,2024-05-02 00:28:00,210.08
U01725,2024-05-01 11:23:00,402.65
U01726,2024-05-04 20:58:00,457.57
U01727,2024-05-09 07:18:00,38.21
U01728,2024-05-03 06:07:00,139.72
U01730,2024-05-03 01:33:00,126.77
U01731,2024-05-02 13:37:00,30.39
U01732,2024-05-02 12:08:00,253.99
U01733,2024-05-01 16:59:00,330.86
U01734,2024-05-05 12:16:00,425.35
U01735,2024-05-04 08:34:00,103.37
U01736,2024-05-05 01:06:00,439.52
U01737,2024-05-02 06:29:00,205.0
U01738,2024-05-05 13:15:00,459.9
U01739,2024-05-08 14:19:00,215.66
U01740,2024-05-07 07:09:00,25.78
U01741,2024-05-04 21:41:00,28.52
U01742,2024-05-04 08:41:00,311.63
U01743,2024-05-03 21:02:00,198.84
U01744,2024-05-03 23:25:00,334.79
U01745,2024-05-02 15:35:00,28.85
U01746,2024-05-03 10:06:00,429.01
U01747,2024-05-04 23:09:00,263.49
U01748,2024-05-02 15:22:00,168.73
U01749,2024-05-02 02:15:00,159.7
U01750,2024-05-04 21:33:00,113.43
U01751,2024-05-02 09:12:00,22.01
U01752,2024-05-03 18:52:00,268.96
U01753,2024-05-02 08:35:00,280.29
U01754,2024-05-02 22:09:00,300.18
U01755,2024-05-04 05:55:00,111.87
U01757,2024-05-03 03:36:00,341.38
U01758,2024-05-08 14:15:00,341.16
U01759,2024-05-01 19:44:00,24.66
U01760,2024-05-05 00:18:00,377.52
U01761,2024-05-02 16:38:00,408.48
U01762,2024-05-07 09:02:00,147.45
U01763,2024-05-01 18:02:00,188.28
U01764,2024-05-02 14:13:00,309.23
U01765,2024-05-05 02:43:00,440.87
U01767,2024-05-03 21:18:00,357.67
U01768,2024-05-03 22:17:00,370.6
U01770,2024-05-04 00:33:00,458.26
U01771,2024-05-06 01:35:00,151.27
U01774,2024-05-04 17:51:00,429.08
U01775,2024-05-01 11:40:00,46.58
U01776,2024-05-03 07:28:00,386.62
U01778,2024-05-04 08:41:00,59.17
U01779,2024-05-06 02:57:00,426.86
U01780,2024-05-02 15:19:00,144.82
U01782,2024-05-02 14:08:00,173.83
U01784,2024-05-02 14:14:00,276.89
U01785,2024-05-03 02:46:00,294.2
U01786,2024-05-05 08:35:00,273.3
U01787,2024-05-03 00:06:00,280.66
U01788,2024-05-02 09:15:00,102.45
U01789,2024-05-04 14:31:00,53.29
U01790,2024-05-05 10:35:00,29.35
U01792,2024-05-05 01:03:00,178.83
U01793,2024-05-03 21:00:00,396.59
U01794,2024-05-04 09:41:00,159.27
U01795,2024-05-01 14:05:00,172.57
U01796,2024-05-03 12:52:00,97.97
U01798,2024-05-02 01:43:00,71.12
U01799,2024-05-03 09:14:00,285.04
U01800,2024-05-02 22:42:00,304.64
U01802,2024-05-05 11:20:00,402.79
U01803,2024-05-03 03:17:00,489.87
U01805,2024-05-03 01:38:00,421.81
U01806,2024-05-05 14:43:00,143.94
U01807,2024-05-02 22:23:00,427.83
U01808,2024-05-04 15:02:00,418.57
U01809,2024-05-02 10:25:00,325.68
U01811,2024-05-06 12:08:00,328.12
U01812,2024-05-01 22:09:00,174.34
U01813,2024-05-03 02:43:00,40.74
U01814,2024-05-03 04:24:00,145.99
U01815,2024-05-02 19:23:00,178.27
U01816,2024-05-02 12:57:00,74.5
U01818,2024-05-02 07:28:00,360.84
U01820,2024-05-05 13:31:00,169.57
U01821,2024-05-01 15:50:00,137.21
U01822,2024-05-06 11:37:00,52.22
U01823,2024-05-06 11:38:00,55.47
U01825,2024-05-02 04:01:00,379.33
U01827,2024-05-03 07:18:00,285.64
U01828,2024-05-04 19:33:00,321.26
U01829,2024-05-01 14:03:00,392.21
U01830,2024-05-02 21:56:00,270.78
U01831,2024-05-01 15:11:00,471.92
U01832,2024-05-01 12:05:00,485.32
U01834,2024-05-03 06:05:00,466.86
U01835,2024-05-02 10:18:00,367.77
U01836,2024-05-02 04:01:00,306.61
U01837,2024-05-06 20:11:00,91.33
U01838,2024-05-04 14:28:00,338.53
U01839,2024-05-06 21:56:00,156.42
U01840,2024-05-05 05:32:00,311.8
U01841,2024-05-07 02:09:00,267.44
U01842,2024-05-02 22:18:00,287.76
U01844,2024-05-06 04:11:00,412.99
U01846,2024-05-04 05:37:00,347.45
U01847,2024-05-01 19:59:00,106.85
U01850,2024-05-04 07:59:00,365.01
U01851,2024-05-01 18:08:00,435.87
U01856,2024-05-05 01:15:00,341.53
U01858,2024-05-02 12:53:00,491.15
U01859,2024-05-05 08:34:00,415.46
U01860,2024-05-06 16:48:00,274.76
U01861,2024-05-09 05:57:00,270.18
U01862,2024-05-04 11:45:00,434.83
U01864,2024-05-05 02:38:00,471.21
U01865,2024-05-02 11:08:00,353.03
U01866,2024-05-03 18:14:00,38.33
U01867,2024-05-02 03:21:00,325.23
U01868,2024-05-05 03:52:00,32.2
U01871,2024-05-05 05:15:00,87.92
U01873,2024-05-07 03:51:00,336.82
U01874,2024-05-06 16:06:00,61.45
U01875,2024-05-02 20:21:00,388.23
U01876,2024-05-08 02:33:00,38.93
U01877,2024-05-07 01:19:00,415.76
U01878,2024-05-01 17:16:00,368.99
U01879,2024-05-03 01:28:00,124.47
U01880,2024-05-02 08:45:00,96.27
U01882,2024-05-09 06:58:00,351.21
U01883,2024-05-05 18:04:00,48.45
U01884,2024-05-04 18:13:00,393.59
U01887,2024-05-04 11:09:00,143.89
U01888,2024-05-04 08:34:00,255.73
U01889,2024-05-02 17:06:00,211.83
U01890,2024-05-01 16:52:00,230.92
U01891,2024-05-01 18:44:00,205.62
U01892,2024-05-03 00:48:00,183.1
U01893,2024-05-02 06:47:00,344.8
U01894,2024-05-06 16:33:00,484.96
U01895,2024-05-08 21:08:00,394.83
U01897,2024-05-03 00:18:00,180.98
U01898,2024-05-03 04:22:00,420.95
U01899,2024-05-04 12:41:00,354.62
U01900,2024-05-06 11:01:00,26.12
U01902,2024-05-02 23:18:00,496.9
U01904,2024-05-02 16:53:00,362.03
U01905,2024-05-02 16:43:00,439.12
U01906,2024-05-02 17:17:00,95.28
U01907,2024-05-02 23:57:00,369.45
U01908,2024-05-03 18:18:00,388.9
U01909,2024-05-01 14:44:00,49.17
U01911,2024-05-03 07:51:00,344.95
U01912,2024-05-02 17:05:00,432.37
U01913,2024-05-01 13:33:00,48.01
U01914,2024-05-01 12:10:00,371.57
U01915,2024-05-03 17:35:00,287.83
U01916,2024-05-02 23:25:00,391.2
U01917,2024-05-02 00:50:00,388.07
U01918,2024-05-02 01:30:00,111.72
U01919,2024-05-03 13:33:00,231.15
U01920,2024-05-07 07:33:00,89.16
U01921,2024-05-06 16:12:00,194.08
U01922,2024-05-04 00:15:00,352.83
U01923,2024-05-02 12:32:00,348.78
U01924,2024-05-02 15:33:00,495.42
U01926,2024-05-07 22:49:00,173.78
U01927,2024-05-02 16:04:00,471.21
U01928,2024-05-03 18:17:00,298.52
U01929,2024-05-02 18:54:00,378.02
U01930,2024-05-08 13:58:00,160.47
U01931,2024-05-03 17:43:00,283.57
U01932,2024-05-02 23:16:00,285.5
U01933,2024-05-08 04:40:00,175.22
U01934,2024-05-03 02:21:00,178.39
U01935,2024-05-02 03:10:00,120.6
U01936,2024-05-05 03:19:00,78.81
U01938,2024-05-05 12:29:00,212.52
U01939,2024-05-01 12:06:00,112.65
U01940,2024-05-02 10:52:00,288.29
U01941,2024-05-08 15:15:00,260.8
U01942,2024-05-08 21:20:00,125.6
U01943,2024-05-02 19:31:00,55.06
U01946,2024-05-01 19:41:00,411.68
U01947,2024-05-01 19:41:00,43.5
U01948,2024-05-05 13:33:00,313.37
U01949,2024-05-03 00:50:00,34.32
U01950,2024-05-05 04:40:00,57.52
U01951,2024-05-02 12:56:00,381.32
U01952,2024-05-02 15:25:00,212.41
U01953,2024-05-09 08:44:00,306.45
U01954,2024-05-02 10:13:00,450.49
U01956,2024-05-05 12:51:00,319.36
U01958,2024-05-02 04:14:00,92.54
U01959,2024-05-06 20:10:00,405.93
U01961,2024-05-04 22:00:00,243.65
U01962,2024-05-04 11:38:00,231.86
U01963,2024-05-02 06:29:00,69.31
U01965,2024-05-03 03:44:00,150.19
U01966,2024-05-02 19:00:00,424.16
U01967,2024-05-08 05:52:00,467.64
U01968,2024-05-07 16:26:00,109.38
U01969,2024-05-05 06:08:00,142.8
U01971,2024-05-02 21:06:00,455.03
U01972,2024-05-05 21:37:00,333.65
U01974,2024-05-04 20:19:00,187.81
U01975,2024-05-04 20:27:00,254.65
U01976,2024-05-02 08:15:00,333.13
U01977,2024-05-02 05:47:00,167.82
U01978,2024-05-02 05:38:00,496.55
U01979,2024-05-02 05:25:00,490.77
U01980,2024-05-02 14:30:00,130.96
U01982,2024-05-02 15:28:00,370.48
U01984,2024-05-07 05:49:00,300.02
U01985,2024-05-03 12:26:00,308.25
U01986,2024-05-02 15:57:00,32.95
U01987,2024-05-02 19:39:00,271.93
U01988,2024-05-07 05:47:00,374.29
U01989,2024-05-03 02:39:00,352.0
U01990,2024-05-04 14:25:00,254.83
U01991,2024-05-01 21:57:00,241.51
U01992,2024-05-03 19:43:00,327.84
U01993,2024-05-03 09:26:00,426.15
U01994,2024-05-01 17:07:00,241.63
U01995,2024-05-01 17:25:00,405.27
U01997,2024-05-05 13:55:00,236.81
U01999,2024-05-04 23:51:00,457.8
U02001,2024-05-03 00:23:00,435.86
U02002,2024-05-05 15:20:00,395.25
U02004,2024-05-02 08:23:00,432.59
U02005,2024-05-03 08:32:00,221.03
U02006,2024-05-02 19:54:00,418.67
U02007,2024-05-07 06:28:00,142.55
U02008,2024-05-06 22:22:00,338.74
U02009,2024-05-07 01:48:00,409.48
U02010,2024-05-09 07:31:00,290.55
U02011,2024-05-02 20:06:00,210.7
U02012,2024-05-01 18:35:00,399.35
U02013,2024-05-06 22:16:00,413.78
U02014,2024-05-04 05:16:00,320.36
U02015,2024-05-02 00:15:00,64.56
U02016,2024-05-06 02:28:00,456.63
U02017,2024-05-04 20:02:00,269.47
U02018,2024-05-06 16:53:00,34.39
U02019,2024-05-04 12:29:00,62.39
U02020,2024-05-03 22:24:00,320.77
U02021,2024-05-02 15:59:00,78.43
U02022,2024-05-02 03:34:00,253.27
U02023,2024-05-01 23:32:00,404.04
U02024,2024-05-07 11:38:00,326.79
U02025,2024-05-03 13:24:00,62.13
U02026,2024-05-05 10:54:00,282.72
U02027,2024-05-02 01:31:00,109.36
U02028,2024-05-02 01:12:00,148.29
U02030,2024-05-01 19:21:00,380.56
U02031,2024-05-03 19:15:00,312.6
U02032,2024-05-05 01:46:00,179.24
U02033,2024-05-03 23:50:00,453.64
U02034,2024-05-03 15:29:00,295.69
U02036,2024-05-07 15:54:00,391.91
U02037,2024-05-01 14:29:00,156.53
U02039,2024-05-01 21:56:00,318.75
U02040,2024-05-02 01:09:00,190.21
U02041,2024-05-01 12:59:00,416.15
U02042,2024-05-02 18:08:00,269.18
U02044,2024-05-03 01:10:00,433.16
U02045,2024-05-02 15:53:00,294.45
U02046,2024-05-01 22:49:00,465.95
U02048,2024-05-09 08:23:00,103.86
U02049,2024-05-02 16:29:00,194.29
U02050,2024-05-02 06:35:00,199.43
U02051,2024-05-04 08:12:00,354.57
U02052,2024-05-03 01:32:00,321.01
U02053,2024-05-04 08:52:00,179.11
U02054,2024-05-05 19:34:00,293.88
U02055,2024-05-03 05:32:00,366.19
U02056,2024-05-04 20:34:00,56.72
U02058,2024-05-03 22:07:00,211.87
U02060,2024-05-04 21:55:00,321.27
U02061,2024-05-03 06:52:00,209.9
U02062,2024-05-02 07:25:00,21.56
U02065,2024-05-04 06:14:00,144.68
U02066,2024-05-02 05:54:00,267.01
U02067,2024-05-04 10:21:00,404.06
U02068,2024-05-02 15:17:00,48.58
U02069,2024-05-06 01:41:00,23.28
U02070,2024-05-02 23:26:00,217.85
U02071,2024-05-01 19:09:00,266.48
U02072,2024-05-05 23:45:00,111.87
U02073,2024-05-02 06:57:00,276.14
U02075,2024-05-05 13:38:00,114.99
U02077,2024-05-01 21:28:00,227.49
U02078,2024-05-05 21:10:00,296.75
U02079,2024-05-08 11:52:00,297.83
U02080,2024-05-01 21:35:00,244.44
U02081,2024-05-02 19:44:00,453.15
U02082,2024-05-03 11:23:00,394.95
U02083,2024-05-07 04:42:00,66.21
U02084,2024-05-01 14:35:00,258.38
U02085,2024-05-01 16:14:00,73.78
U02087,2024-05-02 13:44:00,311.04
U02088,2024-05-03 18:08:00,32.84
U02090,2024-05-01 23:59:00,50.09
U02091,2024-05-03 19:10:00,217.45
U02092,2024-05-01 13:35:00,181.39
U02093,2024-05-05 02:46:00,394.93
U02094,2024-05-02 12:47:00,97.15
U02095,2024-05-05 14:13:00,286.65
U02097,2024-05-03 03:31:00,290.5
U02098,2024-05-03 03:32:00,449.76
U02099,2024-05-07 02:09:00,439.77
U02100,2024-05-05 03:24:00,168.97
U02101,2024-05-03 08:06:00,448.4
U02103,2024-05-03 07:29:00,161.0
U02105,2024-05-07 16:54:00,273.15
U02106,2024-05-02 17:49:00,146.86
U02108,2024-05-03 18:26:00,51.9
U02109,2024-05-02 18:31:00,45.32
U02110,2024-05-02 03:36:00,379.17
U02111,2024-05-07 05:34:00,60.93
U02113,2024-05-06 15:08:00,464.51
U02114,2024-05-06 20:40:00,291.44
U02115,2024-05-05 14:21:00,480.94
U02116,2024-05-01 19:51:00,141.57
U02117,2024-05-01 19:22:00,193.07
U02118,2024-05-03 09:12:00,331.56
U02119,2024-05-04 01:45:00,428.56
U02120,2024-05-07 08:41:00,346.91
U02121,2024-05-02 09:30:00,458.83
U02123,2024-05-03 08:42:00,346.0
U02125,2024-05-05 11:06:00,86.22
U02128,2024-05-02 15:29:00,446.76
U02129,2024-05-04 17:24:00,102.95
U02130,2024-05-02 07:04:00,474.12
U02132,2024-05-02 07:33:00,467.72
U02133,2024-05-02 22:48:00,475.76
U02134,2024-05-01 15:36:00,207.6
U02135,2024-05-01 22:29:00,175.5
U02136,2024-05-01 20:42:00,310.29
U02137,2024-05-04 14:55:00,469.28
U02138,2024-05-05 00:35:00,333.5
U02140,2024-05-07 19:11:00,420.17
U02142,2024-05-03 10:44:00,206.41
U02143,2024-05-02 20:31:00,34.8
U02144,2024-05-07 12:08:00,150.73
U02146,2024-05-07 02:44:00,52.19
U02147,2024-05-04 06:38:00,349.3
U02148,2024-05-04 05:08:00,26.86
U02149,2024-05-02 20:46:00,251.83
U02150,2024-05-02 10:56:00,255.94
U02152,2024-05-03 05:09:00,254.07
U02154,2024-05-03 16:00:00,117.04
U02155,2024-05-01 14:17:00,413.97
U02156,2024-05-03 09:11:00,259.11
U02157,2024-05-06 09:11:00,121.34
U02158,2024-05-03 07:55:00,478.52
U02159,2024-05-09 08:59:00,468.45
U02160,2024-05-02 14:06:00,291.0
U02162,2024-05-04 10:53:00,102.33
U02163,2024-05-06 08:41:00,110.53
U02165,2024-05-03 17:55:00,138.44
U02166,2024-05-02 13:06:00,66.17
U02167,2024-05-03 18:13:00,230.03
U02168,2024-05-07 18:27:00,242.08
U02169,2024-05-02 01:00:00,95.65
U02170,2024-05-02 10:36:00,292.33
U02171,2024-05-06 07:51:00,140.69
U02172,2024-05-08 07:09:00,134.71
U02173,2024-05-01 18:32:00,38.96
U02174,2024-05-03 04:59:00,329.79
U02175,2024-05-08 07:49:00,201.7
U02176,2024-05-05 10:54:00,192.31
U02177,2024-05-06 04:22:00,62.37
U02178,2024-05-04 20:34:00,252.64
U02179,2024-05-03 09:30:00,193.62
U02181,2024-05-04 18:01:00,262.77
U02183,2024-05-04 15:39:00,411.02
U02184,2024-05-06 03:17:00,469.92
U02185,2024-05-05 08:37:00,446.96
U02187,2024-05-04 15:13:00,406.16
U02188,2024-05-01 14:42:00,196.19
U02189,2024-05-01 17:29:00,136.34
U02190,2024-05-01 22:07:00,450.83
U02192,2024-05-04 21:25:00,48.12
U02193,2024-05-08 08:53:00,339.71
U02194,2024-05-03 06:39:00,381.98
U02195,2024-05-02 16:49:00,368.26
U02196,2024-05-03 18:00:00,493.86
U02197,2024-05-03 23:18:00,163.46
U02198,2024-05-05 00:45:00,98.63
U02199,2024-05-05 23:29:00,161.18
U02201,2024-05-02 05:30:00,427.92
U02202,2024-05-01 22:13:00,343.72
U02203,2024-05-05 16:45:00,400.72
U02205,2024-05-02 11:58:00,453.02
U02206,2024-05-04 02:10:00,81.89
U02207,2024-05-02 11:29:00,369.69
U02208,2024-05-03 00:08:00,103.83
U02209,2024-05-09 02:39:00,84.95
U02211,2024-05-02 12:33:00,441.21
U02212,2024-05-02 01:56:00,273.53
U02213,2024-05-02 09:58:00,296.41
U02214,2024-05-04 10:57:00,151.09
U02216,2024-05-06 01:04:00,410.13
U02217,2024-05-03 16:32:00,416.43
U02218,2024-05-04 17:07:00,306.91
U02219,2024-05-02 06:18:00,71.59
U02220,2024-05-01 19:48:00,318.07
U02221,2024-05-05 17:12:00,330.72
U02222,2024-05-04 21:11:00,358.22
U02223,2024-05-01 19:05:00,336.84
U02224,2024-05-04 15:13:00,69.62
U02225,2024-05-02 14:15:00,323.68
U02226,2024-05-02 11:22:00,202.25
U02228,2024-05-03 23:40:00,403.47
U02230,2024-05-02 16:19:00,476.1
U02231,2024-05-02 02:38:00,384.61
U02233,2024-05-03 03:58:00,215.66
U02234,2024-05-02 02:53:00,452.93
U02236,2024-05-05 00:25:00,310.35
U02237,2024-05-04 14:37:00,467.26
U02239,2024-05-03 08:22:00,112.23
U02240,2024-05-03 04:53:00,140.19
U02241,2024-05-05 22:37:00,337.23
U02242,2024-05-04 01:04:00,388.84
U02243,2024-05-03 03:47:00,319.97
U02244,2024-05-03 07:46:00,89.3
U02245,2024-05-02 05:51:00,178.51
U02247,2024-05-02 16:53:00,223.21
U02248,2024-05-02 02:46:00,424.66
U02249,2024-05-02 07:46:00,195.11
U02250,2024-05-07 16:19:00,434.54
U02254,2024-05-02 06:36:00,387.75
U02256,2024-05-01 14:57:00,110.51
U02257,2024-05-09 11:41:00,81.18
U02258,2024-05-03 10:33:00,381.34
U02259,2024-05-02 09:30:00,460.87
U02260,2024-05-01 19:31:00,326.02
U02261,2024-05-03 14:27:00,340.56
U02262,2024-05-07 02:17:00,299.38
U02263,2024-05-04 04:14:00,309.74
U02264,2024-05-05 02:36:00,211.98
U02265,2024-05-01 20:17:00,334.65
U02266,2024-05-05 10:35:00,460.91
U02267,2024-05-08 23:06:00,463.37
U02270,2024-05-03 20:19:00,321.88
U02271,2024-05-02 01:38:00,207.72
U02272,2024-05-07 03:25:00,178.65
U02273,2024-05-01 20:59:00,43.38
U02275,2024-05-04 16:18:00,325.39
U02276,2024-05-01 20:12:00,125.14
U02277,2024-05-03 05:18:00,61.56
U02278,2024-05-02 04:28:00,170.49
U02279,2024-05-04 19:05:00,284.05
U02281,2024-05-06 08:20:00,85.57
U02282,2024-05-01 16:28:00,134.35
U02286,2024-05-02 11:14:00,435.01
U02287,2024-05-02 18:41:00,435.52
U02288,2024-05-01 16:12:00,105.19
U02289,2024-05-08 04:02:00,45.73
U02290,2024-05-02 13:26:00,117.21
U02292,2024-05-05 02:56:00,110.82
U02293,2024-05-01 18:34:00,20.47
U02294,2024-05-07 01:11:00,447.46
U02297,2024-05-04 13:11:00,307.03
U02299,2024-05-05 03:16:00,227.89
U02300,2024-05-03 17:41:00,486.13
U02301,2024-05-04 07:12:00,224.95
U02302,2024-05-02 00:07:00,325.83
U02304,2024-05-04 06:53:00,421.02
U02305,2024-05-04 07:44:00,78.59
U02308,2024-05-09 10:11:00,138.59
U02309,2024-05-04 11:42:00,458.04
U02311,2024-05-08 18:52:00,171.18
U02312,2024-05-03 01:17:00,71.47
U02313,2024-05-01 13:31:00,447.04
U02314,2024-05-05 02:12:00,388.39
U02315,2024-05-08 07:36:00,391.38
U02316,2024-05-03 10:33:00,460.65
U02317,2024-05-04 04:39:00,95.23
U02318,2024-05-02 07:49:00,110.34
U02319,2024-05-04 08:13:00,309.51
U02320,2024-05-04 07:53:00,370.06
U02321,2024-05-03 09:40:00,447.4
U02322,2024-05-03 07:59:00,477.39
U02323,2024-05-02 13:38:00,278.25
U02324,2024-05-05 23:07:00,383.91
U02325,2024-05-04 06:12:00,358.96
U02326,2024-05-02 12:35:00,462.54
U02327,2024-05-01 15:10:00,91.52
U02328,2024-05-02 17:39:00,97.44
U02329,2024-05-02 18:29:00,409.97
U02330,2024-05-09 12:00:00,352.74
U02332,2024-05-06 04:46:00,385.32
U02333,2024-05-04 10:22:00,467.8
U02334,2024-05-04 11:58:00,150.9
U02335,2024-05-04 22:13:00,134.03
U02336,2024-05-01 21:00:00,214.85
U02337,2024-05-03 17:09:00,377.8
U02340,2024-05-02 15:43:00,111.66
U02344,2024-05-07 22:43:00,285.83
U02346,2024-05-04 05:59:00,43.15
U02347,2024-05-05 23:57:00,159.49
U02348,2024-05-07 00:53:00,102.64
U02349,2024-05-01 19:32:00,189.9
U02350,2024-05-03 03:18:00,319.34
U02351,2024-05-02 13:23:00,440.31
U02352,2024-05-03 00:17:00,194.76
U02353,2024-05-05 16:40:00,423.39
U02356,2024-05-02 16:42:00,194.17
U02357,2024-05-02 05:40:00,65.83
U02358,2024-05-06 14:40:00,143.36
U02359,2024-05-05 19:36:00,248.33
U02360,2024-05-02 15:28:00,238.87
U02361,2024-05-04 21:34:00,299.57
U02364,2024-05-05 00:13:00,75.09
U02365,2024-05-05 14:09:00,459.33
U02367,2024-05-06 07:36:00,147.28
U02369,2024-05-01 19:35:00,177.22
U02370,2024-05-01 15:37:00,20.48
U02371,2024-05-08 15:59:00,459.97
U02372,2024-05-02 12:36:00,395.66
U02373,2024-05-03 00:02:00,369.27
U02374,2024-05-09 10:23:00,354.88
U02375,2024-05-03 17:42:00,38.36
U02376,2024-05-01 23:02:00,265.0
U02377,2024-05-03 12:30:00,322.88
U02379,2024-05-04 16:25:00,50.88
U02380,2024-05-05 09:51:00,181.28
U02381,2024-05-04 23:30:00,92.65
U02382,2024-05-03 23:29:00,188.36
U02384,2024-05-07 12:45:00,274.29
U02385,2024-05-02 19:20:00,121.83
U02388,2024-05-01 13:41:00,220.02
U02389,2024-05-09 12:16:00,230.76
U02390,2024-05-03 23:19:00,403.9
U02391,2024-05-05 08:15:00,87.97
U02393,2024-05-01 14:01:00,130.46
U02395,2024-05-02 15:50:00,300.95
U02397,2024-05-07 20:17:00,259.77
U02399,2024-05-03 11:24:00,166.06
U02400,2024-05-01 19:15:00,423.28
U02401,2024-05-01 15:25:00,249.07
U02402,2024-05-02 23:15:00,235.95
U02405,2024-05-03 04:10:00,468.47
U02406,2024-05-04 14:47:00,379.41
U02407,2024-05-02 14:42:00,382.91
U02408,2024-05-02 21:20:00,225.5
U02409,2024-05-01 16:01:00,338.51
U02410,2024-05-01 18:28:00,204.52
U02411,2024-05-05 12:43:00,264.79
U02412,2024-05-01 17:26:00,438.54
U02413,2024-05-04 21:53:00,72.55
U02414,2024-05-03 22:28:00,283.77
U02415,2024-05-02 17:01:00,213.17
U02416,2024-05-03 22:17:00,467.76
U02417,2024-05-02 06:53:00,147.16
U02418,2024-05-02 09:41:00,369.63
U02419,2024-05-01 17:21:00,208.24
U02420,2024-05-03 15:20:00,111.36
U02421,2024-05-02 08:37:00,470.65
U02422,2024-05-04 16:12:00,462.88
U02423,2024-05-02 13:29:00,108.48
U02424,2024-05-02 19:02:00,459.63
U02425,2024-05-04 10:49:00,325.86
U02427,2024-05-01 18:49:00,25.44
U02428,2024-05-02 04:14:00,456.36
U02429,2024-05-02 22:55:00,38.18
U02431,2024-05-03 07:28:00,28.48
U02432,2024-05-03 22:13:00,122.92
U02434,2024-05-02 00:59:00,477.94
U02436,2024-05-02 12:50:00,119.46
U02437,2024-05-05 02:58:00,196.56
U02438,2024-05-01 18:39:00,381.69
U02439,2024-05-03 06:06:00,439.76
U02440,2024-05-03 20:19:00,221.85
U02442,2024-05-02 13:54:00,211.33
U02443,2024-05-01 10:20:00,308.99
U02444,2024-05-04 21:58:00,498.92
U02445,2024-05-07 05:17:00,46.07
U02446,2024-05-05 12:24:00,81.68
U02447,2024-05-04 23:37:00,146.29
U02449,2024-05-03 17:46:00,63.57
U02450,2024-05-08 05:36:00,483.11
U02451,2024-05-03 04:40:00,118.77
U02452,2024-05-03 18:34:00,477.12
U02453,2024-05-01 19:33:00,268.89
U02454,2024-05-03 20:34:00,67.3
U02455,2024-05-08 06:53:00,348.29
U02456,2024-05-06 21:34:00,126.99
U02457,2024-05-04 04:15:00,457.73
U02458,2024-05-03 10:50:00,101.19
U02459,2024-05-02 12:12:00,148.11
U02460,2024-05-03 17:39:00,36.91
U02461,2024-05-05 02:57:00,96.89
U02464,2024-05-02 05:59:00,250.95
U02465,2024-05-03 10:55:00,338.01
U02466,2024-05-04 03:28:00,254.51
U02467,2024-05-04 03:47:00,110.11
U02468,2024-05-02 21:50:00,370.06
U02470,2024-05-02 23:26:00,79.47
U02471,2024-05-03 04:48:00,306.11
U02472,2024-05-09 10:46:00,120.26
U02473,2024-05-02 09:54:00,254.37
U02474,2024-05-03 03:17:00,340.23
U02475,2024-05-02 23:13:00,154.56
U02476,2024-05-09 10:58:00,346.91
U02477,2024-05-01 18:52:00,111.35
U02478,2024-05-02 15:28:00,121.38
U02479,2024-05-08 22:39:00,467.21
U02481,2024-05-01 15:46:00,484.27
U02483,2024-05-07 11:58:00,143.6
U02484,2024-05-02 13:37:00,396.05
U02485,2024-05-07 07:04:00,204.82
U02486,2024-05-04 10:45:00,232.87
U02487,2024-05-02 07:30:00,448.38
U02488,2024-05-02 09:32:00,151.77
U02489,2024-05-03 09:10:00,141.91
U02490,2024-05-02 00:39:00,472.03
U02491,2024-05-06 02:44:00,204.55
U02493,2024-05-07 16:03:00,227.61
U02494,2024-05-06 03:58:00,380.97
U02495,2024-05-06 17:48:00,236.14
U02496,2024-05-02 22:39:00,468.22
U02498,2024-05-04 20:31:00,263.6
U02499,2024-05-03 11:06:00,309.52
U02501,2024-05-07 02:31:00,45.67
U02502,2024-05-03 11:43:00,250.56
U02504,2024-05-02 13:18:00,280.35
U02505,2024-05-05 17:32:00,295.5
U02506,2024-05-05 09:25:00,393.43
U02507,2024-05-02 19:49:00,55.82
U02508,2024-05-04 17:34:00,265.29
U02509,2024-05-06 19:07:00,232.69
U02510,2024-05-04 03:07:00,157.12
U02511,2024-05-01 21:17:00,159.73
U02513,2024-05-03 08:00:00,476.52
U02514,2024-05-05 07:57:00,473.16
U02515,2024-05-01 14:47:00,149.56
U02516,2024-05-01 23:45:00,378.25
U02517,2024-05-01 15:29:00,403.44
U02518,2024-05-04 06:56:00,435.16
U02520,2024-05-03 10:45:00,434.15
U02522,2024-05-05 03:57:00,316.36
U02523,2024-05-06 01:18:00,246.76
U02524,2024-05-02 20:08:00,402.34
U02526,2024-05-08 05:27:00,377.75
U02528,2024-05-01 18:40:00,26.99
U02529,2024-05-02 12:03:00,49.89
U02532,2024-05-05 08:41:00,448.18
U02534,2024-05-05 07:22:00,354.23
U02535,2024-05-02 03:28:00,274.29
U02536,2024-05-01 18:25:00,401.64
U02537,2024-05-02 09:05:00,280.13
U02538,2024-05-01 14:28:00,26.31
U02539,2024-05-02 11:01:00,285.37
U02540,2024-05-09 02:10:00,489.22
U02541,2024-05-06 02:52:00,313.64
U02542,2024-05-03 01:30:00,217.5
U02544,2024-05-02 23:56:00,111.05
U02545,2024-05-02 10:18:00,459.75
U02546,2024-05-04 03:35:00,69.75
U02549,2024-05-06 17:33:00,462.65
U02550,2024-05-03 20:58:00,451.39
U02551,2024-05-02 10:09:00,465.87
U02552,2024-05-07 11:37:00,22.1
U02553,2024-05-04 04:28:00,67.98
U02554,2024-05-03 14:26:00,310.8
U02555,2024-05-02 15:07:00,157.92
U02556,2024-05-02 04:26:00,487.07
U02557,2024-05-02 07:37:00,140.97
U02558,2024-05-04 01:44:00,415.96
U02560,2024-05-02 15:00:00,339.78
U02561,2024-05-02 00:13:00,272.29
U02562,2024-05-03 10:28:00,290.24
U02563,2024-05-03 07:51:00,21.95
U02564,2024-05-01 12:50:00,420.57
U02566,2024-05-04 20:18:00,42.01
U02567,2024-05-03 04:51:00,296.15
U02569,2024-05-02 02:00:00,289.25
U02570,2024-05-02 11:29:00,138.13
U02571,2024-05-05 08:03:00,272.14
U02572,2024-05-08 16:57:00,236.33
U02573,2024-05-02 05:17:00,138.86
U02574,2024-05-07 19:05:00,290.6
U02577,2024-05-01 17:25:00,55.2
U02578,2024-05-01 16:08:00,487.85
U02580,2024-05-02 05:24:00,499.4
U02581,2024-05-04 20:18:00,409.17
U02582,2024-05-04 17:47:00,460.61
U02585,2024-05-01 18:12:00,223.59
U02587,2024-05-02 11:42:00,400.74
U02589,2024-05-05 00:19:00,449.94
U02590,2024-05-01 16:40:00,417.76
U02591,2024-05-03 11:28:00,208.26
U02592,2024-05-06 06:12:00,182.03
U02594,2024-05-02 19:52:00,44.23
U02595,2024-05-06 01:41:00,217.96
U02597,2024-05-03 04:09:00,93.5
U02600,2024-05-01 19:42:00,371.3
U02601,2024-05-02 08:51:00,401.99
U02602,2024-05-02 07:26:00,338.68
U02603,2024-05-01 23:18:00,266.08
U02604,2024-05-01 15:00:00,372.16
U02607,2024-05-05 05:31:00,25.59
U02608,2024-05-05 09:23:00,165.8
U02609,2024-05-03 01:24:00,420.83
U02610,2024-05-04 04:51:00,375.87
U02611,2024-05-04 02:44:00,67.83
U02613,2024-05-07 12:00:00,99.57
U02614,2024-05-01 14:37:00,271.14
U02617,2024-05-05 08:31:00,222.29
U02619,2024-05-02 17:57:00,335.27
U02620,2024-05-06 01:47:00,333.05
U02621,2024-05-05 19:07:00,263.29
U02622,2024-05-08 02:26:00,282.62
U02623,2024-05-01 16:21:00,377.39
U02624,2024-05-04 13:51:00,254.23
U02625,2024-05-02 12:14:00,363.25
U02626,2024-05-02 22:05:00,293.6
U02627,2024-05-02 19:01:00,168.4
U02628,2024-05-01 18:45:00,380.57
U02629,2024-05-03 02:21:00,435.44
U02630,2024-05-01 13:28:00,383.71
U02631,2024-05-02 19:09:00,104.78
U02633,2024-05-01 15:18:00,478.84
U02634,2024-05-02 02:56:00,360.92
U02635,2024-05-03 18:01:00,117.45
U02636,2024-05-04 23:17:00,43.95
U02637,2024-05-04 17:07:00,193.08
U02638,2024-05-03 05:51:00,395.16
U02639,2024-05-05 00:42:00,329.89
U02640,2024-05-02 12:22:00,23.34
U02642,2024-05-07 08:05:00,143.4
U02643,2024-05-06 06:42:00,194.4
U02645,2024-05-02 10:19:00,146.78
U02648,2024-05-04 09:02:00,110.21
U02649,2024-05-04 22:12:00,395.09
U02650,2024-05-09 10:51:00,483.18
U02651,2024-05-02 08:12:00,344.57
U02653,2024-05-02 09:58:00,27.19
U02655,2024-05-01 21:07:00,160.75
U02656,2024-05-03 06:26:00,172.37
U02657,2024-05-03 07:38:00,474.93
U02658,2024-05-01 19:34:00,92.15
U02659,2024-05-06 07:10:00,52.34
U02661,2024-05-03 21:58:00,399.75
U02662,2024-05-03 22:10:00,276.22
U02663,2024-05-02 11:51:00,247.48
U02664,2024-05-02 20:24:00,38.12
U02665,2024-05-03 23:48:00,281.65
U02666,2024-05-02 14:30:00,269.65
U02667,2024-05-03 04:15:00,212.88
U02669,2024-05-01 22:44:00,54.88
U02670,2024-05-02 06:16:00,220.38
U02671,2024-05-03 03:26:00,292.32
U02672,2024-05-01 20:20:00,172.02
U02673,2024-05-02 06:31:00,296.48
U02674,2024-05-04 16:28:00,122.75
U02675,2024-05-05 22:42:00,55.74
U02676,2024-05-05 06:58:00,271.8
U02677,2024-05-05 04:57:00,291.47
U02678,2024-05-01 11:12:00,94.59
U02681,2024-05-01 18:18:00,315.07
U02682,2024-05-04 13:56:00,199.27
U02684,2024-05-02 12:33:00,98.97
U02685,2024-05-06 14:46:00,193.73
U02686,2024-05-05 13:41:00,173.71
U02687,2024-05-02 13:47:00,70.54
U02688,2024-05-02 10:01:00,311.2
U02689,2024-05-02 13:27:00,120.68
U02690,2024-05-06 20:37:00,477.04
U02691,2024-05-02 14:30:00,31.48
U02693,2024-05-04 18:06:00,268.74
U02694,2024-05-01 19:46:00,159.69
U02695,2024-05-05 03:40:00,454.32
U02696,2024-05-07 21:52:00,276.77
U02697,2024-05-04 01:56:00,107.02
U02698,2024-05-04 21:56:00,210.32
U02699,2024-05-03 19:53:00,101.79
U02700,2024-05-02 02:08:00,399.13
U02701,2024-05-04 07:09:00,465.15
U02702,2024-05-03 06:33:00,404.73
U02703,2024-05-02 11:53:00,60.31
U02706,2024-05-03 05:11:00,56.54
U02708,2024-05-08 21:39:00,172.3
U02709,2024-05-02 02:27:00,226.76
U02710,2024-05-02 03:05:00,131.38
U02714,2024-05-01 18:50:00,385.69
U02717,2024-05-06 11:56:00,416.42
U02718,2024-05-06 13:14:00,333.31
U02719,2024-05-02 14:28:00,54.57
U02720,2024-05-06 09:34:00,359.48
U02721,2024-05-02 16:17:00,468.75
U02722,2024-05-03 09:08:00,405.37
U02723,2024-05-03 05:09:00,202.77
U02725,2024-05-03 13:56:00,345.44
U02727,2024-05-02 08:10:00,278.26
U02730,2024-05-06 14:57:00,353.43
U02732,2024-05-03 23:58:00,252.32
U02733,2024-05-07 22:29:00,325.18
U02734,2024-05-06 22:54:00,36.32
U02735,2024-05-03 09:43:00,66.85
U02737,2024-05-01 21:49:00,471.99
U02738,2024-05-04 06:25:00,461.19
U02739,2024-05-02 05:35:00,29.88
U02740,2024-05-07 20:16:00,360.59
U02741,2024-05-01 23:31:00,127.16
U02742,2024-05-02 22:55:00,376.3
U02743,2024-05-06 05:04:00,70.07
U02744,2024-05-04 10:10:00,252.65
U02745,2024-05-03 16:26:00,460.31
U02746,2024-05-05 01:07:00,223.48
U02747,2024-05-06 16:28:00,132.94
U02748,2024-05-05 10:48:00,113.43
U02749,2024-05-02 20:29:00,33.82
U02750,2024-05-05 10:36:00,243.0
U02751,2024-05-04 03:06:00,286.12
U02753,2024-05-09 05:51:00,149.17
U02754,2024-05-02 20:54:00,134.1
U02755,2024-05-03 06:23:00,390.2
U02756,2024-05-04 22:27:00,267.51
U02757,2024-05-03 01:26:00,91.8
U02759,2024-05-02 09:37:00,40.6
U02761,2024-05-05 00:49:00,454.23
U02762,2024-05-04 15:27:00,490.99
U02763,2024-05-07 02:51:00,408.23
U02765,2024-05-03 06:49:00,146.8
U02767,2024-05-05 16:39:00,493.17
U02768,2024-05-05 04:10:00,187.58
U02769,2024-05-03 05:47:00,331.4
U02770,2024-05-03 01:17:00,154.12
U02771,2024-05-04 21:05:00,433.16
U02772,2024-05-04 07:05:00,141.39
U02773,2024-05-02 02:48:00,240.51
U02774,2024-05-07 04:08:00,432.58
U02776,2024-05-05 12:11:00,353.56
U02779,2024-05-04 05:10:00,481.9
U02780,2024-05-02 05:05:00,107.1
U02782,2024-05-02 09:26:00,206.46
U02783,2024-05-03 07:59:00,56.89
U02785,2024-05-04 23:50:00,212.89
U02786,2024-05-04 14:07:00,361.49
U02787,2024-05-01 13:58:00,456.33
U02788,2024-05-02 15:42:00,313.73
U02789,2024-05-03 03:42:00,107.21
U02790,2024-05-02 06:15:00,385.65
U02792,2024-05-03 01:24:00,101.99
U02793,2024-05-02 06:29:00,342.6
U02794,2024-05-04 13:40:00,449.25
U02795,2024-05-03 16:04:00,39.08
U02796,2024-05-01 21:47:00,223.07
U02797,2024-05-04 19:37:00,375.8
U02798,2024-05-03 06:46:00,104.77
U02799,2024-05-01 14:44:00,182.43
U02801,2024-05-04 04:27:00,472.77
U02802,2024-05-01 23:28:00,375.71
U02803,2024-05-04 17:03:00,156.86
U02804,2024-05-06 18:47:00,413.01
U02805,2024-05-02 03:59:00,329.53
U02806,2024-05-03 02:30:00,223.66
U02807,2024-05-06 11:12:00,353.83
U02808,2024-05-01 21:08:00,317.17
U02809,2024-05-06 00:25:00,340.63
U02810,2024-05-02 07:06:00,198.52
U02811,2024-05-05 01:48:00,160.85
U02812,2024-05-02 03:53:00,151.76
U02813,2024-05-04 05:58:00,27.4
U02814,2024-05-06 13:44:00,130.56
U02816,2024-05-02 11:08:00,450.41
U02817,2024-05-03 04:00:00,365.22
U02818,2024-05-02 09:31:00,27.17
U02819,2024-05-03 19:53:00,400.38
U02820,2024-05-03 11:50:00,41.1
U02822,2024-05-03 21:33:00,447.57
U02823,2024-05-01 22:51:00,361.03
U02825,2024-05-03 22:58:00,406.06
U02826,2024-05-01 14:08:00,331.33
U02828,2024-05-07 00:10:00,231.3
U02829,2024-05-02 23:23:00,26.89
U02830,2024-05-03 20:33:00,498.48
U02831,2024-05-03 10:30:00,432.64
U02832,2024-05-04 15:16:00,226.09
U02833,2024-05-06 07:26:00,47.23
U02834,2024-05-01 16:23:00,405.06
U02835,2024-05-02 13:04:00,186.8
U02836,2024-05-03 16:35:00,448.11
U02837,2024-05-09 09:43:00,428.68
U02839,2024-05-02 08:43:00,165.76
U02840,2024-05-04 07:39:00,244.57
U02842,2024-05-05 18:59:00,225.05
U02843,2024-05-06 03:26:00,459.94
U02845,2024-05-06 21:59:00,308.44
U02846,2024-05-03 00:10:00,361.18
U02847,2024-05-03 09:44:00,258.16
U02848,2024-05-02 09:53:00,83.78
U02849,2024-05-03 08:29:00,486.46
U02851,2024-05-02 10:10:00,442.87
U02852,2024-05-04 08:05:00,117.42
U02853,2024-05-08 17:59:00,417.91
U02854,2024-05-03 18:13:00,330.8
U02855,2024-05-03 12:37:00,183.7
U02856,2024-05-04 17:54:00,297.62
U02858,2024-05-06 13:39:00,438.97
U02859,2024-05-04 06:10:00,278.85
U02860,2024-05-07 06:58:00,213.76
U02861,2024-05-01 17:42:00,29.63
U02862,2024-05-03 04:18:00,328.66
U02863,2024-05-06 06:01:00,64.16
U02864,2024-05-02 17:42:00,53.69
U02865,2024-05-07 15:22:00,484.62
U02867,2024-05-03 05:21:00,53.12
U02869,2024-05-04 04:58:00,323.7
U02871,2024-05-03 02:27:00,147.85
U02874,2024-05-07 02:56:00,453.31
U02875,2024-05-05 08:47:00,317.34
U02876,2024-05-04 17:07:00,328.85
U02877,2024-05-02 04:15:00,183.36
U02878,2024-05-03 11:21:00,48.23
U02879,2024-05-06 17:58:00,356.47
U02880,2024-05-02 05:25:00,20.71
U02881,2024-05-03 07:09:00,458.66
U02884,2024-05-05 07:40:00,54.51
U02885,2024-05-01 11:50:00,166.12
U02886,2024-05-02 19:46:00,99.4
U02889,2024-05-01 21:48:00,465.48
U02890,2024-05-04 06:26:00,360.61
U02891,2024-05-05 00:15:00,368.95
U02892,2024-05-02 08:38:00,337.98
U02893,2024-05-02 10:27:00,52.97
U02895,2024-05-02 22:15:00,169.75
U02896,2024-05-02 16:06:00,464.57
U02897,2024-05-03 14:23:00,35.72
U02899,2024-05-03 02:27:00,249.5
U02900,2024-05-02 16:44:00,290.41
U02901,2024-05-06 10:02:00,100.59
U02902,2024-05-08 07:23:00,444.49
U02904,2024-05-06 10:30:00,257.47
U02907,2024-05-05 21:12:00,56.49
U02908,2024-05-02 09:01:00,486.74
U02910,2024-05-06 15:31:00,32.86
U02912,2024-05-02 19:27:00,459.25
U02913,2024-05-02 09:40:00,149.44
U02914,2024-05-03 09:51:00,440.54
U02915,2024-05-03 05:52:00,36.1
U02916,2024-05-05 07:59:00,292.8
U02917,2024-05-02 05:37:00,298.58
U02918,2024-05-04 18:51:00,77.51
U02921,2024-05-03 21:18:00,50.6
U02922,2024-05-03 09:47:00,41.23
U02923,2024-05-03 17:37:00,376.92
U02924,2024-05-04 02:40:00,383.78
U02927,2024-05-01 21:27:00,433.51
U02929,2024-05-02 00:25:00,96.74
U02930,2024-05-05 13:55:00,428.14
U02931,2024-05-02 22:07:00,251.04
U02932,2024-05-07 03:05:00,317.02
U02933,2024-05-01 19:50:00,104.74
U02934,2024-05-02 21:21:00,313.16
U02935,2024-05-02 00:30:00,219.9
U02936,2024-05-01 12:34:00,209.14
U02937,2024-05-04 18:47:00,84.25
U02938,2024-05-06 07:30:00,209.42
U02939,2024-05-03 01:59:00,224.53
U02941,2024-05-05 18:32:00,227.66
U02942,2024-05-07 09:44:00,294.61
U02943,2024-05-06 07:20:00,258.78
U02944,2024-05-03 23:46:00,68.45
U02945,2024-05-04 01:39:00,478.87
U02946,2024-05-02 00:25:00,483.8
U02947,2024-05-05 22:14:00,83.82
U02948,2024-05-06 00:42:00,306.52
U02949,2024-05-04 08:33:00,159.58
U02950,2024-05-06 19:41:00,458.92
U02951,2024-05-05 00:15:00,226.42
U02952,2024-05-03 13:44:00,444.09
U02953,2024-05-03 00:35:00,132.31
U02954,2024-05-06 05:29:00,381.16
U02956,2024-05-09 04:34:00,494.36
U02958,2024-05-08 00:47:00,49.35
U02959,2024-05-02 09:56:00,35.92
U02960,2024-05-03 16:49:00,403.94
U02961,2024-05-04 12:17:00,318.3
U02962,2024-05-01 22:20:00,88.9
U02963,2024-05-05 01:12:00,359.98
U02964,2024-05-04 04:50:00,203.44
U02965,2024-05-04 09:16:00,120.06
U02966,2024-05-03 00:17:00,136.68
U02969,2024-05-03 08:30:00,400.68
U02971,2024-05-04 20:06:00,311.46
U02972,2024-05-02 23:35:00,296.63
U02974,2024-05-04 10:05:00,346.45
U02975,2024-05-02 09:02:00,150.09
U02976,2024-05-06 09:40:00,450.5
U02977,2024-05-02 19:12:00,493.89
U02978,2024-05-08 21:04:00,205.82
U02979,2024-05-08 08:13:00,298.43
U02980,2024-05-03 05:59:00,426.07
U02981,2024-05-06 19:55:00,195.37
U02982,2024-05-01 14:45:00,315.8
U02983,2024-05-01 18:05:00,352.46
U02984,2024-05-03 06:43:00,392.2
U02986,2024-05-06 00:25:00,495.16
U02987,2024-05-03 08:23:00,84.07
U02988,2024-05-02 12:59:00,428.29
U02989,2024-05-03 04:00:00,331.44
U02990,2024-05-01 18:00:00,161.32
U02991,2024-05-02 23:46:00,177.9
U02992,2024-05-06 07:30:00,223.41
U02993,2024-05-04 10:33:00,216.43
U02994,2024-05-03 16:20:00,29.33
U02995,2024-05-05 10:44:00,245.28
U02996,2024-05-07 04:14:00,373.03
U02997,2024-05-03 07:04:00,441.58
U02998,2024-05-02 02:23:00,330.02
U02999,2024-05-02 19:11:00,161.0
